ISO3,Name,Admin Level,Metric,Units,Year,Value
"AFG","Afghanistan","admin0","Clinical Cases","Cases",2010,347819.801834964
"AFG","Afghanistan","admin0","Clinical Cases","Cases",2011,390777.33537879493
"AFG","Afghanistan","admin0","Clinical Cases","Cases",2012,285749.1984272536
"AFG","Afghanistan","admin0","Clinical Cases","Cases",2013,283263.3563473206
"AFG","Afghanistan","admin0","Clinical Cases","Cases",2014,421940.7945697556
"AFG","Afghanistan","admin0","Clinical Cases","Cases",2015,592138.4200018039
"AFG","Afghanistan","admin0","Clinical Cases","Cases",2016,959360.1315582232
"AFG","Afghanistan","admin0","Clinical Cases","Cases",2017,1126235.7060341423
"AFG","Afghanistan","admin0","Clinical Cases","Cases",2018,859604.4687021327
"AFG","Afghanistan","admin0","Clinical Cases","Cases",2019,671352.0741836773
"AFG","Afghanistan","admin0","Clinical Cases","Cases",2020,392557.18825340434
"DZA","Algeria","admin0","Clinical Cases","Cases",2010,0
"DZA","Algeria","admin0","Clinical Cases","Cases",2011,0
"DZA","Algeria","admin0","Clinical Cases","Cases",2012,0
"DZA","Algeria","admin0","Clinical Cases","Cases",2013,0
"DZA","Algeria","admin0","Clinical Cases","Cases",2014,0
"DZA","Algeria","admin0","Clinical Cases","Cases",2015,0
"DZA","Algeria","admin0","Clinical Cases","Cases",2016,0
"DZA","Algeria","admin0","Clinical Cases","Cases",2017,0
"DZA","Algeria","admin0","Clinical Cases","Cases",2018,0
"DZA","Algeria","admin0","Clinical Cases","Cases",2019,0
"DZA","Algeria","admin0","Clinical Cases","Cases",2020,0
"AGO","Angola","admin0","Clinical Cases","Cases",2010,0
"AGO","Angola","admin0","Clinical Cases","Cases",2011,0
"AGO","Angola","admin0","Clinical Cases","Cases",2012,0
"AGO","Angola","admin0","Clinical Cases","Cases",2013,0
"AGO","Angola","admin0","Clinical Cases","Cases",2014,0
"AGO","Angola","admin0","Clinical Cases","Cases",2015,0
"AGO","Angola","admin0","Clinical Cases","Cases",2016,0
"AGO","Angola","admin0","Clinical Cases","Cases",2017,0
"AGO","Angola","admin0","Clinical Cases","Cases",2018,0
"AGO","Angola","admin0","Clinical Cases","Cases",2019,0
"AGO","Angola","admin0","Clinical Cases","Cases",2020,0
"ARG","Argentina","admin0","Clinical Cases","Cases",2010,64.0828086132362
"ARG","Argentina","admin0","Clinical Cases","Cases",2011,0
"ARG","Argentina","admin0","Clinical Cases","Cases",2012,0
"ARG","Argentina","admin0","Clinical Cases","Cases",2013,0
"ARG","Argentina","admin0","Clinical Cases","Cases",2014,0
"ARG","Argentina","admin0","Clinical Cases","Cases",2015,0
"ARG","Argentina","admin0","Clinical Cases","Cases",2016,0
"ARG","Argentina","admin0","Clinical Cases","Cases",2017,0
"ARG","Argentina","admin0","Clinical Cases","Cases",2018,0
"ARG","Argentina","admin0","Clinical Cases","Cases",2019,0
"ARG","Argentina","admin0","Clinical Cases","Cases",2020,0
"ARM","Armenia","admin0","Clinical Cases","Cases",2010,0
"ARM","Armenia","admin0","Clinical Cases","Cases",2011,0
"ARM","Armenia","admin0","Clinical Cases","Cases",2012,0
"ARM","Armenia","admin0","Clinical Cases","Cases",2013,0
"ARM","Armenia","admin0","Clinical Cases","Cases",2014,0
"ARM","Armenia","admin0","Clinical Cases","Cases",2015,0
"ARM","Armenia","admin0","Clinical Cases","Cases",2016,0
"ARM","Armenia","admin0","Clinical Cases","Cases",2017,0
"ARM","Armenia","admin0","Clinical Cases","Cases",2018,0
"ARM","Armenia","admin0","Clinical Cases","Cases",2019,0
"ARM","Armenia","admin0","Clinical Cases","Cases",2020,0
"AZE","Azerbaijan","admin0","Clinical Cases","Cases",2010,44.98799031684473
"AZE","Azerbaijan","admin0","Clinical Cases","Cases",2011,3.601596940084654
"AZE","Azerbaijan","admin0","Clinical Cases","Cases",2012,2.699999703498415
"AZE","Azerbaijan","admin0","Clinical Cases","Cases",2013,0
"AZE","Azerbaijan","admin0","Clinical Cases","Cases",2014,0
"AZE","Azerbaijan","admin0","Clinical Cases","Cases",2015,0
"AZE","Azerbaijan","admin0","Clinical Cases","Cases",2016,0
"AZE","Azerbaijan","admin0","Clinical Cases","Cases",2017,0
"AZE","Azerbaijan","admin0","Clinical Cases","Cases",2018,0
"AZE","Azerbaijan","admin0","Clinical Cases","Cases",2019,0
"AZE","Azerbaijan","admin0","Clinical Cases","Cases",2020,0
"BGD","Bangladesh","admin0","Clinical Cases","Cases",2010,26338.067774856554
"BGD","Bangladesh","admin0","Clinical Cases","Cases",2011,17852.66479655281
"BGD","Bangladesh","admin0","Clinical Cases","Cases",2012,8760.753097171195
"BGD","Bangladesh","admin0","Clinical Cases","Cases",2013,12467.542722810878
"BGD","Bangladesh","admin0","Clinical Cases","Cases",2014,19564.04890054
"BGD","Bangladesh","admin0","Clinical Cases","Cases",2015,21676.70349009456
"BGD","Bangladesh","admin0","Clinical Cases","Cases",2016,19673.8220371645
"BGD","Bangladesh","admin0","Clinical Cases","Cases",2017,37610.13251395339
"BGD","Bangladesh","admin0","Clinical Cases","Cases",2018,10117.639011948097
"BGD","Bangladesh","admin0","Clinical Cases","Cases",2019,13487.560368666549
"BGD","Bangladesh","admin0","Clinical Cases","Cases",2020,8158.362057260676
"BLZ","Belize","admin0","Clinical Cases","Cases",2010,263.43952726296567
"BLZ","Belize","admin0","Clinical Cases","Cases",2011,126.32372456253262
"BLZ","Belize","admin0","Clinical Cases","Cases",2012,57.30541857714577
"BLZ","Belize","admin0","Clinical Cases","Cases",2013,35.01808410364126
"BLZ","Belize","admin0","Clinical Cases","Cases",2014,33.02358413155657
"BLZ","Belize","admin0","Clinical Cases","Cases",2015,15.863731371329559
"BLZ","Belize","admin0","Clinical Cases","Cases",2016,7.278622301595779
"BLZ","Belize","admin0","Clinical Cases","Cases",2017,13.18824107427336
"BLZ","Belize","admin0","Clinical Cases","Cases",2018,3.6373586113049305
"BLZ","Belize","admin0","Clinical Cases","Cases",2019,0
"BLZ","Belize","admin0","Clinical Cases","Cases",2020,0
"BEN","Benin","admin0","Clinical Cases","Cases",2010,0
"BEN","Benin","admin0","Clinical Cases","Cases",2011,0
"BEN","Benin","admin0","Clinical Cases","Cases",2012,0
"BEN","Benin","admin0","Clinical Cases","Cases",2013,0
"BEN","Benin","admin0","Clinical Cases","Cases",2014,0
"BEN","Benin","admin0","Clinical Cases","Cases",2015,0
"BEN","Benin","admin0","Clinical Cases","Cases",2016,0
"BEN","Benin","admin0","Clinical Cases","Cases",2017,0
"BEN","Benin","admin0","Clinical Cases","Cases",2018,0
"BEN","Benin","admin0","Clinical Cases","Cases",2019,0
"BEN","Benin","admin0","Clinical Cases","Cases",2020,0
"BTN","Bhutan","admin0","Clinical Cases","Cases",2010,772.357924102859
"BTN","Bhutan","admin0","Clinical Cases","Cases",2011,301.92056247549317
"BTN","Bhutan","admin0","Clinical Cases","Cases",2012,135.39438512479634
"BTN","Bhutan","admin0","Clinical Cases","Cases",2013,16.389539636398396
"BTN","Bhutan","admin0","Clinical Cases","Cases",2014,51.11775469577616
"BTN","Bhutan","admin0","Clinical Cases","Cases",2015,67.93731640726837
"BTN","Bhutan","admin0","Clinical Cases","Cases",2016,37.83011667532427
"BTN","Bhutan","admin0","Clinical Cases","Cases",2017,29.77492301607397
"BTN","Bhutan","admin0","Clinical Cases","Cases",2018,13.666154493598109
"BTN","Bhutan","admin0","Clinical Cases","Cases",2019,3.191300403115803
"BTN","Bhutan","admin0","Clinical Cases","Cases",2020,64.16223673687695
"BOL","Bolivia","admin0","Clinical Cases","Cases",2010,42156.725981872834
"BOL","Bolivia","admin0","Clinical Cases","Cases",2011,22580.300237339274
"BOL","Bolivia","admin0","Clinical Cases","Cases",2012,34698.829546789864
"BOL","Bolivia","admin0","Clinical Cases","Cases",2013,23571.114519570147
"BOL","Bolivia","admin0","Clinical Cases","Cases",2014,32689.799272719727
"BOL","Bolivia","admin0","Clinical Cases","Cases",2015,21068.55838600428
"BOL","Bolivia","admin0","Clinical Cases","Cases",2016,17074.70387596074
"BOL","Bolivia","admin0","Clinical Cases","Cases",2017,14522.850093073503
"BOL","Bolivia","admin0","Clinical Cases","Cases",2018,15887.541650885436
"BOL","Bolivia","admin0","Clinical Cases","Cases",2019,27264.780816636376
"BOL","Bolivia","admin0","Clinical Cases","Cases",2020,36048.234115809246
"BWA","Botswana","admin0","Clinical Cases","Cases",2010,0
"BWA","Botswana","admin0","Clinical Cases","Cases",2011,0
"BWA","Botswana","admin0","Clinical Cases","Cases",2012,0
"BWA","Botswana","admin0","Clinical Cases","Cases",2013,0
"BWA","Botswana","admin0","Clinical Cases","Cases",2014,0
"BWA","Botswana","admin0","Clinical Cases","Cases",2015,0
"BWA","Botswana","admin0","Clinical Cases","Cases",2016,0
"BWA","Botswana","admin0","Clinical Cases","Cases",2017,0
"BWA","Botswana","admin0","Clinical Cases","Cases",2018,0
"BWA","Botswana","admin0","Clinical Cases","Cases",2019,0
"BWA","Botswana","admin0","Clinical Cases","Cases",2020,0
"BRA","Brazil","admin0","Clinical Cases","Cases",2010,546621.5613354486
"BRA","Brazil","admin0","Clinical Cases","Cases",2011,464362.59080460446
"BRA","Brazil","admin0","Clinical Cases","Cases",2012,416162.7858230288
"BRA","Brazil","admin0","Clinical Cases","Cases",2013,295812.3218796371
"BRA","Brazil","admin0","Clinical Cases","Cases",2014,243987.8813031293
"BRA","Brazil","admin0","Clinical Cases","Cases",2015,292176.29457132943
"BRA","Brazil","admin0","Clinical Cases","Cases",2016,266622.16063981096
"BRA","Brazil","admin0","Clinical Cases","Cases",2017,363586.54414989945
"BRA","Brazil","admin0","Clinical Cases","Cases",2018,351489.04321707546
"BRA","Brazil","admin0","Clinical Cases","Cases",2019,342679.76226024545
"BRA","Brazil","admin0","Clinical Cases","Cases",2020,299378.3140022117
"BFA","Burkina Faso","admin0","Clinical Cases","Cases",2010,0
"BFA","Burkina Faso","admin0","Clinical Cases","Cases",2011,0
"BFA","Burkina Faso","admin0","Clinical Cases","Cases",2012,0
"BFA","Burkina Faso","admin0","Clinical Cases","Cases",2013,0
"BFA","Burkina Faso","admin0","Clinical Cases","Cases",2014,0
"BFA","Burkina Faso","admin0","Clinical Cases","Cases",2015,0
"BFA","Burkina Faso","admin0","Clinical Cases","Cases",2016,0
"BFA","Burkina Faso","admin0","Clinical Cases","Cases",2017,0
"BFA","Burkina Faso","admin0","Clinical Cases","Cases",2018,0
"BFA","Burkina Faso","admin0","Clinical Cases","Cases",2019,0
"BFA","Burkina Faso","admin0","Clinical Cases","Cases",2020,0
"BDI","Burundi","admin0","Clinical Cases","Cases",2010,0
"BDI","Burundi","admin0","Clinical Cases","Cases",2011,0
"BDI","Burundi","admin0","Clinical Cases","Cases",2012,0
"BDI","Burundi","admin0","Clinical Cases","Cases",2013,0
"BDI","Burundi","admin0","Clinical Cases","Cases",2014,0
"BDI","Burundi","admin0","Clinical Cases","Cases",2015,0
"BDI","Burundi","admin0","Clinical Cases","Cases",2016,0
"BDI","Burundi","admin0","Clinical Cases","Cases",2017,0
"BDI","Burundi","admin0","Clinical Cases","Cases",2018,0
"BDI","Burundi","admin0","Clinical Cases","Cases",2019,0
"BDI","Burundi","admin0","Clinical Cases","Cases",2020,0
"KHM","Cambodia","admin0","Clinical Cases","Cases",2010,83283.66875188888
"KHM","Cambodia","admin0","Clinical Cases","Cases",2011,94799.67058078431
"KHM","Cambodia","admin0","Clinical Cases","Cases",2012,86709.22262218014
"KHM","Cambodia","admin0","Clinical Cases","Cases",2013,59525.883272138555
"KHM","Cambodia","admin0","Clinical Cases","Cases",2014,81290.494501714
"KHM","Cambodia","admin0","Clinical Cases","Cases",2015,63144.04057572422
"KHM","Cambodia","admin0","Clinical Cases","Cases",2016,44255.680403652135
"KHM","Cambodia","admin0","Clinical Cases","Cases",2017,82451.16708323
"KHM","Cambodia","admin0","Clinical Cases","Cases",2018,116390.68891384853
"KHM","Cambodia","admin0","Clinical Cases","Cases",2019,70588.24840042788
"KHM","Cambodia","admin0","Clinical Cases","Cases",2020,41436.791024603364
"CMR","Cameroon","admin0","Clinical Cases","Cases",2010,0
"CMR","Cameroon","admin0","Clinical Cases","Cases",2011,0
"CMR","Cameroon","admin0","Clinical Cases","Cases",2012,0
"CMR","Cameroon","admin0","Clinical Cases","Cases",2013,0
"CMR","Cameroon","admin0","Clinical Cases","Cases",2014,0
"CMR","Cameroon","admin0","Clinical Cases","Cases",2015,0
"CMR","Cameroon","admin0","Clinical Cases","Cases",2016,0
"CMR","Cameroon","admin0","Clinical Cases","Cases",2017,0
"CMR","Cameroon","admin0","Clinical Cases","Cases",2018,0
"CMR","Cameroon","admin0","Clinical Cases","Cases",2019,0
"CMR","Cameroon","admin0","Clinical Cases","Cases",2020,0
"CPV","Cape Verde","admin0","Clinical Cases","Cases",2010,0
"CPV","Cape Verde","admin0","Clinical Cases","Cases",2011,0
"CPV","Cape Verde","admin0","Clinical Cases","Cases",2012,0
"CPV","Cape Verde","admin0","Clinical Cases","Cases",2013,0
"CPV","Cape Verde","admin0","Clinical Cases","Cases",2014,0
"CPV","Cape Verde","admin0","Clinical Cases","Cases",2015,0
"CPV","Cape Verde","admin0","Clinical Cases","Cases",2016,0
"CPV","Cape Verde","admin0","Clinical Cases","Cases",2017,0
"CPV","Cape Verde","admin0","Clinical Cases","Cases",2018,0
"CPV","Cape Verde","admin0","Clinical Cases","Cases",2019,0
"CPV","Cape Verde","admin0","Clinical Cases","Cases",2020,0
"CAF","Central African Republic","admin0","Clinical Cases","Cases",2010,0
"CAF","Central African Republic","admin0","Clinical Cases","Cases",2011,0
"CAF","Central African Republic","admin0","Clinical Cases","Cases",2012,0
"CAF","Central African Republic","admin0","Clinical Cases","Cases",2013,0
"CAF","Central African Republic","admin0","Clinical Cases","Cases",2014,0
"CAF","Central African Republic","admin0","Clinical Cases","Cases",2015,0
"CAF","Central African Republic","admin0","Clinical Cases","Cases",2016,0
"CAF","Central African Republic","admin0","Clinical Cases","Cases",2017,0
"CAF","Central African Republic","admin0","Clinical Cases","Cases",2018,0
"CAF","Central African Republic","admin0","Clinical Cases","Cases",2019,0
"CAF","Central African Republic","admin0","Clinical Cases","Cases",2020,0
"TCD","Chad","admin0","Clinical Cases","Cases",2010,0
"TCD","Chad","admin0","Clinical Cases","Cases",2011,0
"TCD","Chad","admin0","Clinical Cases","Cases",2012,0
"TCD","Chad","admin0","Clinical Cases","Cases",2013,0
"TCD","Chad","admin0","Clinical Cases","Cases",2014,0
"TCD","Chad","admin0","Clinical Cases","Cases",2015,0
"TCD","Chad","admin0","Clinical Cases","Cases",2016,0
"TCD","Chad","admin0","Clinical Cases","Cases",2017,0
"TCD","Chad","admin0","Clinical Cases","Cases",2018,0
"TCD","Chad","admin0","Clinical Cases","Cases",2019,0
"TCD","Chad","admin0","Clinical Cases","Cases",2020,0
"CHN","China","admin0","Clinical Cases","Cases",2010,6949.500848650954
"CHN","China","admin0","Clinical Cases","Cases",2011,2700.0626808105862
"CHN","China","admin0","Clinical Cases","Cases",2012,1636.4216216317604
"CHN","China","admin0","Clinical Cases","Cases",2013,1143.4327807101645
"CHN","China","admin0","Clinical Cases","Cases",2014,47.593989637971575
"CHN","China","admin0","Clinical Cases","Cases",2015,30.834842118840747
"CHN","China","admin0","Clinical Cases","Cases",2016,1.0053352030809029
"CHN","China","admin0","Clinical Cases","Cases",2017,0
"CHN","China","admin0","Clinical Cases","Cases",2018,0
"CHN","China","admin0","Clinical Cases","Cases",2019,0
"CHN","China","admin0","Clinical Cases","Cases",2020,0
"COL","Colombia","admin0","Clinical Cases","Cases",2010,209456.87866579808
"COL","Colombia","admin0","Clinical Cases","Cases",2011,122636.05702937163
"COL","Colombia","admin0","Clinical Cases","Cases",2012,157853.76995390296
"COL","Colombia","admin0","Clinical Cases","Cases",2013,83891.32362780444
"COL","Colombia","admin0","Clinical Cases","Cases",2014,51970.5010343489
"COL","Colombia","admin0","Clinical Cases","Cases",2015,49524.22845102222
"COL","Colombia","admin0","Clinical Cases","Cases",2016,84294.4616685446
"COL","Colombia","admin0","Clinical Cases","Cases",2017,59241.2982803479
"COL","Colombia","admin0","Clinical Cases","Cases",2018,77448.34475639017
"COL","Colombia","admin0","Clinical Cases","Cases",2019,91273.32552137428
"COL","Colombia","admin0","Clinical Cases","Cases",2020,91520.01744556524
"COM","Comoros","admin0","Clinical Cases","Cases",2010,0
"COM","Comoros","admin0","Clinical Cases","Cases",2011,0
"COM","Comoros","admin0","Clinical Cases","Cases",2012,0
"COM","Comoros","admin0","Clinical Cases","Cases",2013,0
"COM","Comoros","admin0","Clinical Cases","Cases",2014,0
"COM","Comoros","admin0","Clinical Cases","Cases",2015,0
"COM","Comoros","admin0","Clinical Cases","Cases",2016,0
"COM","Comoros","admin0","Clinical Cases","Cases",2017,0
"COM","Comoros","admin0","Clinical Cases","Cases",2018,0
"COM","Comoros","admin0","Clinical Cases","Cases",2019,0
"COM","Comoros","admin0","Clinical Cases","Cases",2020,0
"CRI","Costa Rica","admin0","Clinical Cases","Cases",2010,214.62583557098736
"CRI","Costa Rica","admin0","Clinical Cases","Cases",2011,23.06286123685799
"CRI","Costa Rica","admin0","Clinical Cases","Cases",2012,9.952119679952304
"CRI","Costa Rica","admin0","Clinical Cases","Cases",2013,0
"CRI","Costa Rica","admin0","Clinical Cases","Cases",2014,0
"CRI","Costa Rica","admin0","Clinical Cases","Cases",2015,0
"CRI","Costa Rica","admin0","Clinical Cases","Cases",2016,0
"CRI","Costa Rica","admin0","Clinical Cases","Cases",2017,0
"CRI","Costa Rica","admin0","Clinical Cases","Cases",2018,0
"CRI","Costa Rica","admin0","Clinical Cases","Cases",2019,0
"CRI","Costa Rica","admin0","Clinical Cases","Cases",2020,0
"CIV","Côte d'Ivoire","admin0","Clinical Cases","Cases",2010,0
"CIV","Côte d'Ivoire","admin0","Clinical Cases","Cases",2011,0
"CIV","Côte d'Ivoire","admin0","Clinical Cases","Cases",2012,0
"CIV","Côte d'Ivoire","admin0","Clinical Cases","Cases",2013,0
"CIV","Côte d'Ivoire","admin0","Clinical Cases","Cases",2014,0
"CIV","Côte d'Ivoire","admin0","Clinical Cases","Cases",2015,0
"CIV","Côte d'Ivoire","admin0","Clinical Cases","Cases",2016,0
"CIV","Côte d'Ivoire","admin0","Clinical Cases","Cases",2017,0
"CIV","Côte d'Ivoire","admin0","Clinical Cases","Cases",2018,0
"CIV","Côte d'Ivoire","admin0","Clinical Cases","Cases",2019,0
"CIV","Côte d'Ivoire","admin0","Clinical Cases","Cases",2020,0
"COD","Democratic Republic of the Congo","admin0","Clinical Cases","Cases",2010,0
"COD","Democratic Republic of the Congo","admin0","Clinical Cases","Cases",2011,0
"COD","Democratic Republic of the Congo","admin0","Clinical Cases","Cases",2012,0
"COD","Democratic Republic of the Congo","admin0","Clinical Cases","Cases",2013,0
"COD","Democratic Republic of the Congo","admin0","Clinical Cases","Cases",2014,0
"COD","Democratic Republic of the Congo","admin0","Clinical Cases","Cases",2015,0
"COD","Democratic Republic of the Congo","admin0","Clinical Cases","Cases",2016,0
"COD","Democratic Republic of the Congo","admin0","Clinical Cases","Cases",2017,0
"COD","Democratic Republic of the Congo","admin0","Clinical Cases","Cases",2018,0
"COD","Democratic Republic of the Congo","admin0","Clinical Cases","Cases",2019,0
"COD","Democratic Republic of the Congo","admin0","Clinical Cases","Cases",2020,0
"DJI","Djibouti","admin0","Clinical Cases","Cases",2010,0.7755394818362318
"DJI","Djibouti","admin0","Clinical Cases","Cases",2011,8.344425655682967
"DJI","Djibouti","admin0","Clinical Cases","Cases",2012,1.3428191401838936
"DJI","Djibouti","admin0","Clinical Cases","Cases",2013,255.87551676001172
"DJI","Djibouti","admin0","Clinical Cases","Cases",2014,2222.73195410267
"DJI","Djibouti","admin0","Clinical Cases","Cases",2015,2155.77621306526
"DJI","Djibouti","admin0","Clinical Cases","Cases",2016,5965.564821179976
"DJI","Djibouti","admin0","Clinical Cases","Cases",2017,16620.47409998913
"DJI","Djibouti","admin0","Clinical Cases","Cases",2018,27676.711392955953
"DJI","Djibouti","admin0","Clinical Cases","Cases",2019,41194.56214694301
"DJI","Djibouti","admin0","Clinical Cases","Cases",2020,84241.77964028335
"DOM","Dominican Republic","admin0","Clinical Cases","Cases",2010,0
"DOM","Dominican Republic","admin0","Clinical Cases","Cases",2011,0
"DOM","Dominican Republic","admin0","Clinical Cases","Cases",2012,0
"DOM","Dominican Republic","admin0","Clinical Cases","Cases",2013,0
"DOM","Dominican Republic","admin0","Clinical Cases","Cases",2014,0
"DOM","Dominican Republic","admin0","Clinical Cases","Cases",2015,19.16699548903109
"DOM","Dominican Republic","admin0","Clinical Cases","Cases",2016,15.013336165033344
"DOM","Dominican Republic","admin0","Clinical Cases","Cases",2017,49.3698371246202
"DOM","Dominican Republic","admin0","Clinical Cases","Cases",2018,45.22723851838469
"DOM","Dominican Republic","admin0","Clinical Cases","Cases",2019,0
"DOM","Dominican Republic","admin0","Clinical Cases","Cases",2020,0
"ECU","Ecuador","admin0","Clinical Cases","Cases",2010,4342.381830178264
"ECU","Ecuador","admin0","Clinical Cases","Cases",2011,2627.0254400980225
"ECU","Ecuador","admin0","Clinical Cases","Cases",2012,1198.6152294515198
"ECU","Ecuador","admin0","Clinical Cases","Cases",2013,534.7638494498985
"ECU","Ecuador","admin0","Clinical Cases","Cases",2014,536.1183603835295
"ECU","Ecuador","admin0","Clinical Cases","Cases",2015,1041.4037343463701
"ECU","Ecuador","admin0","Clinical Cases","Cases",2016,1852.636055737985
"ECU","Ecuador","admin0","Clinical Cases","Cases",2017,2447.3394019276184
"ECU","Ecuador","admin0","Clinical Cases","Cases",2018,3727.174402109531
"ECU","Ecuador","admin0","Clinical Cases","Cases",2019,3920.2698483190175
"ECU","Ecuador","admin0","Clinical Cases","Cases",2020,4239.858744437288
"SLV","El Salvador","admin0","Clinical Cases","Cases",2010,30.60358586131649
"SLV","El Salvador","admin0","Clinical Cases","Cases",2011,18.6601543725244
"SLV","El Salvador","admin0","Clinical Cases","Cases",2012,19.967933538361955
"SLV","El Salvador","admin0","Clinical Cases","Cases",2013,15.17984855244657
"SLV","El Salvador","admin0","Clinical Cases","Cases",2014,14.105468968981311
"SLV","El Salvador","admin0","Clinical Cases","Cases",2015,11.705686045630568
"SLV","El Salvador","admin0","Clinical Cases","Cases",2016,11.469685184084469
"SLV","El Salvador","admin0","Clinical Cases","Cases",2017,0
"SLV","El Salvador","admin0","Clinical Cases","Cases",2018,0
"SLV","El Salvador","admin0","Clinical Cases","Cases",2019,0
"SLV","El Salvador","admin0","Clinical Cases","Cases",2020,0
"GNQ","Equatorial Guinea","admin0","Clinical Cases","Cases",2010,0
"GNQ","Equatorial Guinea","admin0","Clinical Cases","Cases",2011,0
"GNQ","Equatorial Guinea","admin0","Clinical Cases","Cases",2012,0
"GNQ","Equatorial Guinea","admin0","Clinical Cases","Cases",2013,0
"GNQ","Equatorial Guinea","admin0","Clinical Cases","Cases",2014,0
"GNQ","Equatorial Guinea","admin0","Clinical Cases","Cases",2015,0
"GNQ","Equatorial Guinea","admin0","Clinical Cases","Cases",2016,0
"GNQ","Equatorial Guinea","admin0","Clinical Cases","Cases",2017,0
"GNQ","Equatorial Guinea","admin0","Clinical Cases","Cases",2018,0
"GNQ","Equatorial Guinea","admin0","Clinical Cases","Cases",2019,0
"GNQ","Equatorial Guinea","admin0","Clinical Cases","Cases",2020,0
"ERI","Eritrea","admin0","Clinical Cases","Cases",2010,19747.37952339367
"ERI","Eritrea","admin0","Clinical Cases","Cases",2011,30595.443919022735
"ERI","Eritrea","admin0","Clinical Cases","Cases",2012,27389.839373653638
"ERI","Eritrea","admin0","Clinical Cases","Cases",2013,14564.033609601664
"ERI","Eritrea","admin0","Clinical Cases","Cases",2014,18705.147900382482
"ERI","Eritrea","admin0","Clinical Cases","Cases",2015,14062.166500559862
"ERI","Eritrea","admin0","Clinical Cases","Cases",2016,8803.149179377391
"ERI","Eritrea","admin0","Clinical Cases","Cases",2017,26326.4022202302
"ERI","Eritrea","admin0","Clinical Cases","Cases",2018,21623.852074947397
"ERI","Eritrea","admin0","Clinical Cases","Cases",2019,26843.738213572477
"ERI","Eritrea","admin0","Clinical Cases","Cases",2020,12061.31190968489
"ETH","Ethiopia","admin0","Clinical Cases","Cases",2010,5081910.825999956
"ETH","Ethiopia","admin0","Clinical Cases","Cases",2011,5794386.765528147
"ETH","Ethiopia","admin0","Clinical Cases","Cases",2012,6177813.35310169
"ETH","Ethiopia","admin0","Clinical Cases","Cases",2013,4930238.063861303
"ETH","Ethiopia","admin0","Clinical Cases","Cases",2014,2868693.1411973983
"ETH","Ethiopia","admin0","Clinical Cases","Cases",2015,2349244.482261911
"ETH","Ethiopia","admin0","Clinical Cases","Cases",2016,1676855.3919237026
"ETH","Ethiopia","admin0","Clinical Cases","Cases",2017,1240792.9285170163
"ETH","Ethiopia","admin0","Clinical Cases","Cases",2018,324079.81582408934
"ETH","Ethiopia","admin0","Clinical Cases","Cases",2019,465852.4321560258
"ETH","Ethiopia","admin0","Clinical Cases","Cases",2020,710008.726827846
"GUF","French Guiana","admin0","Clinical Cases","Cases",2010,894.5973556587011
"GUF","French Guiana","admin0","Clinical Cases","Cases",2011,754.7050896688224
"GUF","French Guiana","admin0","Clinical Cases","Cases",2012,596.322756790223
"GUF","French Guiana","admin0","Clinical Cases","Cases",2013,948.5854172088375
"GUF","French Guiana","admin0","Clinical Cases","Cases",2014,469.88784678364453
"GUF","French Guiana","admin0","Clinical Cases","Cases",2015,528.1336507340853
"GUF","French Guiana","admin0","Clinical Cases","Cases",2016,234.22704260823048
"GUF","French Guiana","admin0","Clinical Cases","Cases",2017,899.524990743867
"GUF","French Guiana","admin0","Clinical Cases","Cases",2018,391.79119071879285
"GUF","French Guiana","admin0","Clinical Cases","Cases",2019,374.8889164038629
"GUF","French Guiana","admin0","Clinical Cases","Cases",2020,261.0235888870454
"GAB","Gabon","admin0","Clinical Cases","Cases",2010,0
"GAB","Gabon","admin0","Clinical Cases","Cases",2011,0
"GAB","Gabon","admin0","Clinical Cases","Cases",2012,0
"GAB","Gabon","admin0","Clinical Cases","Cases",2013,0
"GAB","Gabon","admin0","Clinical Cases","Cases",2014,0
"GAB","Gabon","admin0","Clinical Cases","Cases",2015,0
"GAB","Gabon","admin0","Clinical Cases","Cases",2016,0
"GAB","Gabon","admin0","Clinical Cases","Cases",2017,0
"GAB","Gabon","admin0","Clinical Cases","Cases",2018,0
"GAB","Gabon","admin0","Clinical Cases","Cases",2019,0
"GAB","Gabon","admin0","Clinical Cases","Cases",2020,0
"GMB","Gambia","admin0","Clinical Cases","Cases",2010,0
"GMB","Gambia","admin0","Clinical Cases","Cases",2011,0
"GMB","Gambia","admin0","Clinical Cases","Cases",2012,0
"GMB","Gambia","admin0","Clinical Cases","Cases",2013,0
"GMB","Gambia","admin0","Clinical Cases","Cases",2014,0
"GMB","Gambia","admin0","Clinical Cases","Cases",2015,0
"GMB","Gambia","admin0","Clinical Cases","Cases",2016,0
"GMB","Gambia","admin0","Clinical Cases","Cases",2017,0
"GMB","Gambia","admin0","Clinical Cases","Cases",2018,0
"GMB","Gambia","admin0","Clinical Cases","Cases",2019,0
"GMB","Gambia","admin0","Clinical Cases","Cases",2020,0
"GEO","Georgia","admin0","Clinical Cases","Cases",2010,0
"GEO","Georgia","admin0","Clinical Cases","Cases",2011,0
"GEO","Georgia","admin0","Clinical Cases","Cases",2012,0
"GEO","Georgia","admin0","Clinical Cases","Cases",2013,0
"GEO","Georgia","admin0","Clinical Cases","Cases",2014,0
"GEO","Georgia","admin0","Clinical Cases","Cases",2015,0
"GEO","Georgia","admin0","Clinical Cases","Cases",2016,0
"GEO","Georgia","admin0","Clinical Cases","Cases",2017,0
"GEO","Georgia","admin0","Clinical Cases","Cases",2018,0
"GEO","Georgia","admin0","Clinical Cases","Cases",2019,0
"GEO","Georgia","admin0","Clinical Cases","Cases",2020,0
"GHA","Ghana","admin0","Clinical Cases","Cases",2010,0
"GHA","Ghana","admin0","Clinical Cases","Cases",2011,0
"GHA","Ghana","admin0","Clinical Cases","Cases",2012,0
"GHA","Ghana","admin0","Clinical Cases","Cases",2013,0
"GHA","Ghana","admin0","Clinical Cases","Cases",2014,0
"GHA","Ghana","admin0","Clinical Cases","Cases",2015,0
"GHA","Ghana","admin0","Clinical Cases","Cases",2016,0
"GHA","Ghana","admin0","Clinical Cases","Cases",2017,0
"GHA","Ghana","admin0","Clinical Cases","Cases",2018,0
"GHA","Ghana","admin0","Clinical Cases","Cases",2019,0
"GHA","Ghana","admin0","Clinical Cases","Cases",2020,0
"GTM","Guatemala","admin0","Clinical Cases","Cases",2010,23570.62550815274
"GTM","Guatemala","admin0","Clinical Cases","Cases",2011,22243.402269811824
"GTM","Guatemala","admin0","Clinical Cases","Cases",2012,16716.770398778815
"GTM","Guatemala","admin0","Clinical Cases","Cases",2013,19139.028768882374
"GTM","Guatemala","admin0","Clinical Cases","Cases",2014,22555.4245710715
"GTM","Guatemala","admin0","Clinical Cases","Cases",2015,16204.484978618815
"GTM","Guatemala","admin0","Clinical Cases","Cases",2016,14117.043286828079
"GTM","Guatemala","admin0","Clinical Cases","Cases",2017,13070.801534663817
"GTM","Guatemala","admin0","Clinical Cases","Cases",2018,10611.422885947115
"GTM","Guatemala","admin0","Clinical Cases","Cases",2019,6589.6504889537455
"GTM","Guatemala","admin0","Clinical Cases","Cases",2020,3795.0030328646244
"GNB","Guinea-Bissau","admin0","Clinical Cases","Cases",2010,0
"GNB","Guinea-Bissau","admin0","Clinical Cases","Cases",2011,0
"GNB","Guinea-Bissau","admin0","Clinical Cases","Cases",2012,0
"GNB","Guinea-Bissau","admin0","Clinical Cases","Cases",2013,0
"GNB","Guinea-Bissau","admin0","Clinical Cases","Cases",2014,0
"GNB","Guinea-Bissau","admin0","Clinical Cases","Cases",2015,0
"GNB","Guinea-Bissau","admin0","Clinical Cases","Cases",2016,0
"GNB","Guinea-Bissau","admin0","Clinical Cases","Cases",2017,0
"GNB","Guinea-Bissau","admin0","Clinical Cases","Cases",2018,0
"GNB","Guinea-Bissau","admin0","Clinical Cases","Cases",2019,0
"GNB","Guinea-Bissau","admin0","Clinical Cases","Cases",2020,0
"GIN","Guinea","admin0","Clinical Cases","Cases",2010,0
"GIN","Guinea","admin0","Clinical Cases","Cases",2011,0
"GIN","Guinea","admin0","Clinical Cases","Cases",2012,0
"GIN","Guinea","admin0","Clinical Cases","Cases",2013,0
"GIN","Guinea","admin0","Clinical Cases","Cases",2014,0
"GIN","Guinea","admin0","Clinical Cases","Cases",2015,0
"GIN","Guinea","admin0","Clinical Cases","Cases",2016,0
"GIN","Guinea","admin0","Clinical Cases","Cases",2017,0
"GIN","Guinea","admin0","Clinical Cases","Cases",2018,0
"GIN","Guinea","admin0","Clinical Cases","Cases",2019,0
"GIN","Guinea","admin0","Clinical Cases","Cases",2020,0
"GUY","Guyana","admin0","Clinical Cases","Cases",2010,19064.50968736583
"GUY","Guyana","admin0","Clinical Cases","Cases",2011,23689.466142673104
"GUY","Guyana","admin0","Clinical Cases","Cases",2012,26863.922330258607
"GUY","Guyana","admin0","Clinical Cases","Cases",2013,43380.69439581515
"GUY","Guyana","admin0","Clinical Cases","Cases",2014,22493.922008164205
"GUY","Guyana","admin0","Clinical Cases","Cases",2015,19495.47866696379
"GUY","Guyana","admin0","Clinical Cases","Cases",2016,19513.416449336044
"GUY","Guyana","admin0","Clinical Cases","Cases",2017,23964.73151086678
"GUY","Guyana","admin0","Clinical Cases","Cases",2018,29626.691127959282
"GUY","Guyana","admin0","Clinical Cases","Cases",2019,35325.660148234296
"GUY","Guyana","admin0","Clinical Cases","Cases",2020,31532.9038071325
"HTI","Haiti","admin0","Clinical Cases","Cases",2010,0
"HTI","Haiti","admin0","Clinical Cases","Cases",2011,0
"HTI","Haiti","admin0","Clinical Cases","Cases",2012,0
"HTI","Haiti","admin0","Clinical Cases","Cases",2013,0
"HTI","Haiti","admin0","Clinical Cases","Cases",2014,0
"HTI","Haiti","admin0","Clinical Cases","Cases",2015,0
"HTI","Haiti","admin0","Clinical Cases","Cases",2016,0
"HTI","Haiti","admin0","Clinical Cases","Cases",2017,0
"HTI","Haiti","admin0","Clinical Cases","Cases",2018,0
"HTI","Haiti","admin0","Clinical Cases","Cases",2019,0
"HTI","Haiti","admin0","Clinical Cases","Cases",2020,0
"HND","Honduras","admin0","Clinical Cases","Cases",2010,18191.52353876474
"HND","Honduras","admin0","Clinical Cases","Cases",2011,14436.219611256258
"HND","Honduras","admin0","Clinical Cases","Cases",2012,12007.873256435065
"HND","Honduras","admin0","Clinical Cases","Cases",2013,9211.678655676136
"HND","Honduras","admin0","Clinical Cases","Cases",2014,5926.622821881004
"HND","Honduras","admin0","Clinical Cases","Cases",2015,5333.313664059433
"HND","Honduras","admin0","Clinical Cases","Cases",2016,5327.332158415305
"HND","Honduras","admin0","Clinical Cases","Cases",2017,2440.2565567237325
"HND","Honduras","admin0","Clinical Cases","Cases",2018,1230.2129086835832
"HND","Honduras","admin0","Clinical Cases","Cases",2019,657.4506313940393
"HND","Honduras","admin0","Clinical Cases","Cases",2020,1255.9162039722412
"IND","India","admin0","Clinical Cases","Cases",2010,9329592.545299437
"IND","India","admin0","Clinical Cases","Cases",2011,8024803.697665915
"IND","India","admin0","Clinical Cases","Cases",2012,6947992.323811848
"IND","India","admin0","Clinical Cases","Cases",2013,5559677.318101254
"IND","India","admin0","Clinical Cases","Cases",2014,5285281.552958542
"IND","India","admin0","Clinical Cases","Cases",2015,5310618.560918869
"IND","India","admin0","Clinical Cases","Cases",2016,6627845.029815473
"IND","India","admin0","Clinical Cases","Cases",2017,5956975.394657702
"IND","India","admin0","Clinical Cases","Cases",2018,4814328.072871196
"IND","India","admin0","Clinical Cases","Cases",2019,4068569.9556062347
"IND","India","admin0","Clinical Cases","Cases",2020,3998992.628180228
"IDN","Indonesia","admin0","Clinical Cases","Cases",2010,608477.6159483427
"IDN","Indonesia","admin0","Clinical Cases","Cases",2011,565422.4130149158
"IDN","Indonesia","admin0","Clinical Cases","Cases",2012,555439.6354536643
"IDN","Indonesia","admin0","Clinical Cases","Cases",2013,438847.28376736573
"IDN","Indonesia","admin0","Clinical Cases","Cases",2014,316332.9203561375
"IDN","Indonesia","admin0","Clinical Cases","Cases",2015,332018.1812164811
"IDN","Indonesia","admin0","Clinical Cases","Cases",2016,265577.2228820857
"IDN","Indonesia","admin0","Clinical Cases","Cases",2017,305842.53011488
"IDN","Indonesia","admin0","Clinical Cases","Cases",2018,286519.7029513139
"IDN","Indonesia","admin0","Clinical Cases","Cases",2019,308651.5418095509
"IDN","Indonesia","admin0","Clinical Cases","Cases",2020,334762.5114072539
"IRN","Iran","admin0","Clinical Cases","Cases",2010,1677.625430120994
"IRN","Iran","admin0","Clinical Cases","Cases",2011,1551.8203236950192
"IRN","Iran","admin0","Clinical Cases","Cases",2012,740.6335395021066
"IRN","Iran","admin0","Clinical Cases","Cases",2013,444.47057048632365
"IRN","Iran","admin0","Clinical Cases","Cases",2014,354.53812886165025
"IRN","Iran","admin0","Clinical Cases","Cases",2015,158.79350419842328
"IRN","Iran","admin0","Clinical Cases","Cases",2016,93.93622547691186
"IRN","Iran","admin0","Clinical Cases","Cases",2017,68.46160247164877
"IRN","Iran","admin0","Clinical Cases","Cases",2018,19.158670009415687
"IRN","Iran","admin0","Clinical Cases","Cases",2019,70.80338243622529
"IRN","Iran","admin0","Clinical Cases","Cases",2020,144.10293446534044
"IRQ","Iraq","admin0","Clinical Cases","Cases",2010,0
"IRQ","Iraq","admin0","Clinical Cases","Cases",2011,0
"IRQ","Iraq","admin0","Clinical Cases","Cases",2012,0
"IRQ","Iraq","admin0","Clinical Cases","Cases",2013,0
"IRQ","Iraq","admin0","Clinical Cases","Cases",2014,0
"IRQ","Iraq","admin0","Clinical Cases","Cases",2015,0
"IRQ","Iraq","admin0","Clinical Cases","Cases",2016,0
"IRQ","Iraq","admin0","Clinical Cases","Cases",2017,0
"IRQ","Iraq","admin0","Clinical Cases","Cases",2018,0
"IRQ","Iraq","admin0","Clinical Cases","Cases",2019,0
"IRQ","Iraq","admin0","Clinical Cases","Cases",2020,0
"KEN","Kenya","admin0","Clinical Cases","Cases",2010,0
"KEN","Kenya","admin0","Clinical Cases","Cases",2011,0
"KEN","Kenya","admin0","Clinical Cases","Cases",2012,0
"KEN","Kenya","admin0","Clinical Cases","Cases",2013,0
"KEN","Kenya","admin0","Clinical Cases","Cases",2014,0
"KEN","Kenya","admin0","Clinical Cases","Cases",2015,0
"KEN","Kenya","admin0","Clinical Cases","Cases",2016,0
"KEN","Kenya","admin0","Clinical Cases","Cases",2017,0
"KEN","Kenya","admin0","Clinical Cases","Cases",2018,0
"KEN","Kenya","admin0","Clinical Cases","Cases",2019,0
"KEN","Kenya","admin0","Clinical Cases","Cases",2020,0
"KGZ","Kyrgyzstan","admin0","Clinical Cases","Cases",2010,3.2806018401534254
"KGZ","Kyrgyzstan","admin0","Clinical Cases","Cases",2011,0
"KGZ","Kyrgyzstan","admin0","Clinical Cases","Cases",2012,0
"KGZ","Kyrgyzstan","admin0","Clinical Cases","Cases",2013,0
"KGZ","Kyrgyzstan","admin0","Clinical Cases","Cases",2014,0
"KGZ","Kyrgyzstan","admin0","Clinical Cases","Cases",2015,0
"KGZ","Kyrgyzstan","admin0","Clinical Cases","Cases",2016,0
"KGZ","Kyrgyzstan","admin0","Clinical Cases","Cases",2017,0
"KGZ","Kyrgyzstan","admin0","Clinical Cases","Cases",2018,0
"KGZ","Kyrgyzstan","admin0","Clinical Cases","Cases",2019,0
"KGZ","Kyrgyzstan","admin0","Clinical Cases","Cases",2020,0
"LAO","Laos","admin0","Clinical Cases","Cases",2010,1532.397507069195
"LAO","Laos","admin0","Clinical Cases","Cases",2011,2784.4542864244004
"LAO","Laos","admin0","Clinical Cases","Cases",2012,20879.66267324919
"LAO","Laos","admin0","Clinical Cases","Cases",2013,33173.171318195615
"LAO","Laos","admin0","Clinical Cases","Cases",2014,62268.161261512905
"LAO","Laos","admin0","Clinical Cases","Cases",2015,56767.41411553702
"LAO","Laos","admin0","Clinical Cases","Cases",2016,20192.593636704274
"LAO","Laos","admin0","Clinical Cases","Cases",2017,12534.189354869619
"LAO","Laos","admin0","Clinical Cases","Cases",2018,10034.500237269898
"LAO","Laos","admin0","Clinical Cases","Cases",2019,10212.571818057393
"LAO","Laos","admin0","Clinical Cases","Cases",2020,4642.1524393361
"LBR","Liberia","admin0","Clinical Cases","Cases",2010,0
"LBR","Liberia","admin0","Clinical Cases","Cases",2011,0
"LBR","Liberia","admin0","Clinical Cases","Cases",2012,0
"LBR","Liberia","admin0","Clinical Cases","Cases",2013,0
"LBR","Liberia","admin0","Clinical Cases","Cases",2014,0
"LBR","Liberia","admin0","Clinical Cases","Cases",2015,0
"LBR","Liberia","admin0","Clinical Cases","Cases",2016,0
"LBR","Liberia","admin0","Clinical Cases","Cases",2017,0
"LBR","Liberia","admin0","Clinical Cases","Cases",2018,0
"LBR","Liberia","admin0","Clinical Cases","Cases",2019,0
"LBR","Liberia","admin0","Clinical Cases","Cases",2020,0
"MDG","Madagascar","admin0","Clinical Cases","Cases",2010,77203.58933665392
"MDG","Madagascar","admin0","Clinical Cases","Cases",2011,74266.27116905822
"MDG","Madagascar","admin0","Clinical Cases","Cases",2012,79173.47208483769
"MDG","Madagascar","admin0","Clinical Cases","Cases",2013,88893.52753948377
"MDG","Madagascar","admin0","Clinical Cases","Cases",2014,95343.18944050369
"MDG","Madagascar","admin0","Clinical Cases","Cases",2015,95409.02283048297
"MDG","Madagascar","admin0","Clinical Cases","Cases",2016,92870.01523608415
"MDG","Madagascar","admin0","Clinical Cases","Cases",2017,91752.0190313902
"MDG","Madagascar","admin0","Clinical Cases","Cases",2018,91394.23047551113
"MDG","Madagascar","admin0","Clinical Cases","Cases",2019,94266.24310766834
"MDG","Madagascar","admin0","Clinical Cases","Cases",2020,671.9274797316924
"MWI","Malawi","admin0","Clinical Cases","Cases",2010,0
"MWI","Malawi","admin0","Clinical Cases","Cases",2011,0
"MWI","Malawi","admin0","Clinical Cases","Cases",2012,0
"MWI","Malawi","admin0","Clinical Cases","Cases",2013,0
"MWI","Malawi","admin0","Clinical Cases","Cases",2014,0
"MWI","Malawi","admin0","Clinical Cases","Cases",2015,0
"MWI","Malawi","admin0","Clinical Cases","Cases",2016,0
"MWI","Malawi","admin0","Clinical Cases","Cases",2017,0
"MWI","Malawi","admin0","Clinical Cases","Cases",2018,0
"MWI","Malawi","admin0","Clinical Cases","Cases",2019,0
"MWI","Malawi","admin0","Clinical Cases","Cases",2020,0
"MYS","Malaysia","admin0","Clinical Cases","Cases",2010,6772.146002927646
"MYS","Malaysia","admin0","Clinical Cases","Cases",2011,3681.429803686491
"MYS","Malaysia","admin0","Clinical Cases","Cases",2012,1901.8784069165674
"MYS","Malaysia","admin0","Clinical Cases","Cases",2013,2393.444847115614
"MYS","Malaysia","admin0","Clinical Cases","Cases",2014,3063.7331568098975
"MYS","Malaysia","admin0","Clinical Cases","Cases",2015,238.52278596327017
"MYS","Malaysia","admin0","Clinical Cases","Cases",2016,462.4014957144762
"MYS","Malaysia","admin0","Clinical Cases","Cases",2017,173.64889105782507
"MYS","Malaysia","admin0","Clinical Cases","Cases",2018,15.269675888659457
"MYS","Malaysia","admin0","Clinical Cases","Cases",2019,8.91666757632552
"MYS","Malaysia","admin0","Clinical Cases","Cases",2020,10.004774342622408
"MLI","Mali","admin0","Clinical Cases","Cases",2010,0
"MLI","Mali","admin0","Clinical Cases","Cases",2011,0
"MLI","Mali","admin0","Clinical Cases","Cases",2012,0
"MLI","Mali","admin0","Clinical Cases","Cases",2013,0
"MLI","Mali","admin0","Clinical Cases","Cases",2014,0
"MLI","Mali","admin0","Clinical Cases","Cases",2015,0
"MLI","Mali","admin0","Clinical Cases","Cases",2016,0
"MLI","Mali","admin0","Clinical Cases","Cases",2017,0
"MLI","Mali","admin0","Clinical Cases","Cases",2018,0
"MLI","Mali","admin0","Clinical Cases","Cases",2019,0
"MLI","Mali","admin0","Clinical Cases","Cases",2020,0
"MRT","Mauritania","admin0","Clinical Cases","Cases",2010,0
"MRT","Mauritania","admin0","Clinical Cases","Cases",2011,0
"MRT","Mauritania","admin0","Clinical Cases","Cases",2012,0
"MRT","Mauritania","admin0","Clinical Cases","Cases",2013,0
"MRT","Mauritania","admin0","Clinical Cases","Cases",2014,0
"MRT","Mauritania","admin0","Clinical Cases","Cases",2015,0
"MRT","Mauritania","admin0","Clinical Cases","Cases",2016,0
"MRT","Mauritania","admin0","Clinical Cases","Cases",2017,0
"MRT","Mauritania","admin0","Clinical Cases","Cases",2018,0
"MRT","Mauritania","admin0","Clinical Cases","Cases",2019,0
"MRT","Mauritania","admin0","Clinical Cases","Cases",2020,0
"MYT","Mayotte","admin0","Clinical Cases","Cases",2010,0
"MYT","Mayotte","admin0","Clinical Cases","Cases",2011,0
"MYT","Mayotte","admin0","Clinical Cases","Cases",2012,0
"MYT","Mayotte","admin0","Clinical Cases","Cases",2013,0
"MYT","Mayotte","admin0","Clinical Cases","Cases",2014,0
"MYT","Mayotte","admin0","Clinical Cases","Cases",2015,0
"MYT","Mayotte","admin0","Clinical Cases","Cases",2016,0
"MYT","Mayotte","admin0","Clinical Cases","Cases",2017,0
"MYT","Mayotte","admin0","Clinical Cases","Cases",2018,0
"MYT","Mayotte","admin0","Clinical Cases","Cases",2019,0
"MYT","Mayotte","admin0","Clinical Cases","Cases",2020,0
"MEX","Mexico","admin0","Clinical Cases","Cases",2010,3065.5403319396987
"MEX","Mexico","admin0","Clinical Cases","Cases",2011,2549.277600018606
"MEX","Mexico","admin0","Clinical Cases","Cases",2012,2011.4363139057862
"MEX","Mexico","admin0","Clinical Cases","Cases",2013,1145.063542452893
"MEX","Mexico","admin0","Clinical Cases","Cases",2014,1515.8835474967943
"MEX","Mexico","admin0","Clinical Cases","Cases",2015,1158.329669088572
"MEX","Mexico","admin0","Clinical Cases","Cases",2016,1243.2165527691873
"MEX","Mexico","admin0","Clinical Cases","Cases",2017,1525.4463013113273
"MEX","Mexico","admin0","Clinical Cases","Cases",2018,1782.6027427925865
"MEX","Mexico","admin0","Clinical Cases","Cases",2019,1489.2136615445488
"MEX","Mexico","admin0","Clinical Cases","Cases",2020,782.7901659120644
"MAR","Morocco","admin0","Clinical Cases","Cases",2010,0
"MAR","Morocco","admin0","Clinical Cases","Cases",2011,0
"MAR","Morocco","admin0","Clinical Cases","Cases",2012,0
"MAR","Morocco","admin0","Clinical Cases","Cases",2013,0
"MAR","Morocco","admin0","Clinical Cases","Cases",2014,0
"MAR","Morocco","admin0","Clinical Cases","Cases",2015,0
"MAR","Morocco","admin0","Clinical Cases","Cases",2016,0
"MAR","Morocco","admin0","Clinical Cases","Cases",2017,0
"MAR","Morocco","admin0","Clinical Cases","Cases",2018,0
"MAR","Morocco","admin0","Clinical Cases","Cases",2019,0
"MAR","Morocco","admin0","Clinical Cases","Cases",2020,0
"MOZ","Mozambique","admin0","Clinical Cases","Cases",2010,0
"MOZ","Mozambique","admin0","Clinical Cases","Cases",2011,0
"MOZ","Mozambique","admin0","Clinical Cases","Cases",2012,0
"MOZ","Mozambique","admin0","Clinical Cases","Cases",2013,0
"MOZ","Mozambique","admin0","Clinical Cases","Cases",2014,0
"MOZ","Mozambique","admin0","Clinical Cases","Cases",2015,0
"MOZ","Mozambique","admin0","Clinical Cases","Cases",2016,0
"MOZ","Mozambique","admin0","Clinical Cases","Cases",2017,0
"MOZ","Mozambique","admin0","Clinical Cases","Cases",2018,0
"MOZ","Mozambique","admin0","Clinical Cases","Cases",2019,0
"MOZ","Mozambique","admin0","Clinical Cases","Cases",2020,0
"MMR","Myanmar","admin0","Clinical Cases","Cases",2010,435427.5796358431
"MMR","Myanmar","admin0","Clinical Cases","Cases",2011,413384.9012777267
"MMR","Myanmar","admin0","Clinical Cases","Cases",2012,476176.5111483947
"MMR","Myanmar","admin0","Clinical Cases","Cases",2013,352335.2177302593
"MMR","Myanmar","admin0","Clinical Cases","Cases",2014,225192.63958954386
"MMR","Myanmar","admin0","Clinical Cases","Cases",2015,226157.39220401619
"MMR","Myanmar","admin0","Clinical Cases","Cases",2016,161042.99033192813
"MMR","Myanmar","admin0","Clinical Cases","Cases",2017,131596.79584005673
"MMR","Myanmar","admin0","Clinical Cases","Cases",2018,115863.37024600664
"MMR","Myanmar","admin0","Clinical Cases","Cases",2019,148151.9532008588
"MMR","Myanmar","admin0","Clinical Cases","Cases",2020,206376.56236479152
"NAM","Namibia","admin0","Clinical Cases","Cases",2010,0
"NAM","Namibia","admin0","Clinical Cases","Cases",2011,0
"NAM","Namibia","admin0","Clinical Cases","Cases",2012,0
"NAM","Namibia","admin0","Clinical Cases","Cases",2013,0
"NAM","Namibia","admin0","Clinical Cases","Cases",2014,0
"NAM","Namibia","admin0","Clinical Cases","Cases",2015,0
"NAM","Namibia","admin0","Clinical Cases","Cases",2016,0
"NAM","Namibia","admin0","Clinical Cases","Cases",2017,0
"NAM","Namibia","admin0","Clinical Cases","Cases",2018,0
"NAM","Namibia","admin0","Clinical Cases","Cases",2019,0
"NAM","Namibia","admin0","Clinical Cases","Cases",2020,0
"NPL","Nepal","admin0","Clinical Cases","Cases",2010,18783.669949824343
"NPL","Nepal","admin0","Clinical Cases","Cases",2011,14631.224219060206
"NPL","Nepal","admin0","Clinical Cases","Cases",2012,9862.10094708878
"NPL","Nepal","admin0","Clinical Cases","Cases",2013,7506.9086501501715
"NPL","Nepal","admin0","Clinical Cases","Cases",2014,3833.8282059469757
"NPL","Nepal","admin0","Clinical Cases","Cases",2015,4295.3209258629195
"NPL","Nepal","admin0","Clinical Cases","Cases",2016,2990.285443076135
"NPL","Nepal","admin0","Clinical Cases","Cases",2017,3277.0226524060813
"NPL","Nepal","admin0","Clinical Cases","Cases",2018,2471.8384190669312
"NPL","Nepal","admin0","Clinical Cases","Cases",2019,749.8865851483786
"NPL","Nepal","admin0","Clinical Cases","Cases",2020,483.5394065868897
"NIC","Nicaragua","admin0","Clinical Cases","Cases",2010,948.0987232910347
"NIC","Nicaragua","admin0","Clinical Cases","Cases",2011,1361.0679938714309
"NIC","Nicaragua","admin0","Clinical Cases","Cases",2012,1664.8541352438588
"NIC","Nicaragua","admin0","Clinical Cases","Cases",2013,1563.758655376693
"NIC","Nicaragua","admin0","Clinical Cases","Cases",2014,1638.5318592568108
"NIC","Nicaragua","admin0","Clinical Cases","Cases",2015,3328.780430600104
"NIC","Nicaragua","admin0","Clinical Cases","Cases",2016,7984.102863358489
"NIC","Nicaragua","admin0","Clinical Cases","Cases",2017,14852.41069686358
"NIC","Nicaragua","admin0","Clinical Cases","Cases",2018,23526.513139269755
"NIC","Nicaragua","admin0","Clinical Cases","Cases",2019,18126.012357363492
"NIC","Nicaragua","admin0","Clinical Cases","Cases",2020,24146.41480991919
"NER","Niger","admin0","Clinical Cases","Cases",2010,0
"NER","Niger","admin0","Clinical Cases","Cases",2011,0
"NER","Niger","admin0","Clinical Cases","Cases",2012,0
"NER","Niger","admin0","Clinical Cases","Cases",2013,0
"NER","Niger","admin0","Clinical Cases","Cases",2014,0
"NER","Niger","admin0","Clinical Cases","Cases",2015,0
"NER","Niger","admin0","Clinical Cases","Cases",2016,0
"NER","Niger","admin0","Clinical Cases","Cases",2017,0
"NER","Niger","admin0","Clinical Cases","Cases",2018,0
"NER","Niger","admin0","Clinical Cases","Cases",2019,0
"NER","Niger","admin0","Clinical Cases","Cases",2020,0
"NGA","Nigeria","admin0","Clinical Cases","Cases",2010,0
"NGA","Nigeria","admin0","Clinical Cases","Cases",2011,0
"NGA","Nigeria","admin0","Clinical Cases","Cases",2012,0
"NGA","Nigeria","admin0","Clinical Cases","Cases",2013,0
"NGA","Nigeria","admin0","Clinical Cases","Cases",2014,0
"NGA","Nigeria","admin0","Clinical Cases","Cases",2015,0
"NGA","Nigeria","admin0","Clinical Cases","Cases",2016,0
"NGA","Nigeria","admin0","Clinical Cases","Cases",2017,0
"NGA","Nigeria","admin0","Clinical Cases","Cases",2018,0
"NGA","Nigeria","admin0","Clinical Cases","Cases",2019,0
"NGA","Nigeria","admin0","Clinical Cases","Cases",2020,0
"PRK","North Korea","admin0","Clinical Cases","Cases",2010,26288.64026480455
"PRK","North Korea","admin0","Clinical Cases","Cases",2011,31247.094014593516
"PRK","North Korea","admin0","Clinical Cases","Cases",2012,40854.98734988897
"PRK","North Korea","admin0","Clinical Cases","Cases",2013,25715.772247091994
"PRK","North Korea","admin0","Clinical Cases","Cases",2014,19235.801505309748
"PRK","North Korea","admin0","Clinical Cases","Cases",2015,12962.731985249802
"PRK","North Korea","admin0","Clinical Cases","Cases",2016,9200.144101947199
"PRK","North Korea","admin0","Clinical Cases","Cases",2017,8568.981120518072
"PRK","North Korea","admin0","Clinical Cases","Cases",2018,7009.069718834762
"PRK","North Korea","admin0","Clinical Cases","Cases",2019,3614.899488805227
"PRK","North Korea","admin0","Clinical Cases","Cases",2020,3714.204188493317
"OMN","Oman","admin0","Clinical Cases","Cases",2010,21.043037964871658
"OMN","Oman","admin0","Clinical Cases","Cases",2011,12.137885760948288
"OMN","Oman","admin0","Clinical Cases","Cases",2012,21.05607022273956
"OMN","Oman","admin0","Clinical Cases","Cases",2013,10.355616812773953
"OMN","Oman","admin0","Clinical Cases","Cases",2014,12.96203795796071
"OMN","Oman","admin0","Clinical Cases","Cases",2015,19.513515923455316
"OMN","Oman","admin0","Clinical Cases","Cases",2016,24.37940219565251
"OMN","Oman","admin0","Clinical Cases","Cases",2017,26.147593109704953
"OMN","Oman","admin0","Clinical Cases","Cases",2018,38.83360863183929
"OMN","Oman","admin0","Clinical Cases","Cases",2019,62.75651203402398
"OMN","Oman","admin0","Clinical Cases","Cases",2020,75.42771169405675
"PAK","Pakistan","admin0","Clinical Cases","Cases",2010,2733238.864621249
"PAK","Pakistan","admin0","Clinical Cases","Cases",2011,3574489.8325705994
"PAK","Pakistan","admin0","Clinical Cases","Cases",2012,2846481.790528649
"PAK","Pakistan","admin0","Clinical Cases","Cases",2013,2704427.424650099
"PAK","Pakistan","admin0","Clinical Cases","Cases",2014,2544877.1512046056
"PAK","Pakistan","admin0","Clinical Cases","Cases",2015,2069989.7341020464
"PAK","Pakistan","admin0","Clinical Cases","Cases",2016,2354870.163642822
"PAK","Pakistan","admin0","Clinical Cases","Cases",2017,2543932.6049090247
"PAK","Pakistan","admin0","Clinical Cases","Cases",2018,2329084.6515160673
"PAK","Pakistan","admin0","Clinical Cases","Cases",2019,2286906.1941766962
"PAK","Pakistan","admin0","Clinical Cases","Cases",2020,2169711.1160766818
"PAN","Panama","admin0","Clinical Cases","Cases",2010,783.7477947848778
"PAN","Panama","admin0","Clinical Cases","Cases",2011,717.1895808087138
"PAN","Panama","admin0","Clinical Cases","Cases",2012,1698.1962282527375
"PAN","Panama","admin0","Clinical Cases","Cases",2013,1560.5432852249926
"PAN","Panama","admin0","Clinical Cases","Cases",2014,2115.316453144189
"PAN","Panama","admin0","Clinical Cases","Cases",2015,1115.8483566620437
"PAN","Panama","admin0","Clinical Cases","Cases",2016,1543.1496148338258
"PAN","Panama","admin0","Clinical Cases","Cases",2017,1268.7063833001125
"PAN","Panama","admin0","Clinical Cases","Cases",2018,1352.4243452871588
"PAN","Panama","admin0","Clinical Cases","Cases",2019,2232.41142208668
"PAN","Panama","admin0","Clinical Cases","Cases",2020,4427.802825290204
"PNG","Papua New Guinea","admin0","Clinical Cases","Cases",2010,432759.1994756024
"PNG","Papua New Guinea","admin0","Clinical Cases","Cases",2011,385402.1336294084
"PNG","Papua New Guinea","admin0","Clinical Cases","Cases",2012,396174.8587504526
"PNG","Papua New Guinea","admin0","Clinical Cases","Cases",2013,582785.9182978782
"PNG","Papua New Guinea","admin0","Clinical Cases","Cases",2014,533222.6893588317
"PNG","Papua New Guinea","admin0","Clinical Cases","Cases",2015,377224.5475985244
"PNG","Papua New Guinea","admin0","Clinical Cases","Cases",2016,444639.5694047873
"PNG","Papua New Guinea","admin0","Clinical Cases","Cases",2017,562896.6035707925
"PNG","Papua New Guinea","admin0","Clinical Cases","Cases",2018,591137.8170454024
"PNG","Papua New Guinea","admin0","Clinical Cases","Cases",2019,541940.1669831722
"PNG","Papua New Guinea","admin0","Clinical Cases","Cases",2020,712847.7902271478
"PRY","Paraguay","admin0","Clinical Cases","Cases",2010,43.81866273736826
"PRY","Paraguay","admin0","Clinical Cases","Cases",2011,9.004480439936977
"PRY","Paraguay","admin0","Clinical Cases","Cases",2012,0
"PRY","Paraguay","admin0","Clinical Cases","Cases",2013,0
"PRY","Paraguay","admin0","Clinical Cases","Cases",2014,0
"PRY","Paraguay","admin0","Clinical Cases","Cases",2015,0
"PRY","Paraguay","admin0","Clinical Cases","Cases",2016,0
"PRY","Paraguay","admin0","Clinical Cases","Cases",2017,0
"PRY","Paraguay","admin0","Clinical Cases","Cases",2018,0
"PRY","Paraguay","admin0","Clinical Cases","Cases",2019,0
"PRY","Paraguay","admin0","Clinical Cases","Cases",2020,0
"PER","Peru","admin0","Clinical Cases","Cases",2010,74825.95703714226
"PER","Peru","admin0","Clinical Cases","Cases",2011,56403.77877745872
"PER","Peru","admin0","Clinical Cases","Cases",2012,69095.12338765449
"PER","Peru","admin0","Clinical Cases","Cases",2013,148591.19476441463
"PER","Peru","admin0","Clinical Cases","Cases",2014,192445.55782499595
"PER","Peru","admin0","Clinical Cases","Cases",2015,141854.77447528244
"PER","Peru","admin0","Clinical Cases","Cases",2016,92535.23510446714
"PER","Peru","admin0","Clinical Cases","Cases",2017,96498.07744533848
"PER","Peru","admin0","Clinical Cases","Cases",2018,80568.45250616861
"PER","Peru","admin0","Clinical Cases","Cases",2019,44198.87190006298
"PER","Peru","admin0","Clinical Cases","Cases",2020,30305.702094369295
"PHL","Philippines","admin0","Clinical Cases","Cases",2010,10879.429238835477
"PHL","Philippines","admin0","Clinical Cases","Cases",2011,7010.6240825119285
"PHL","Philippines","admin0","Clinical Cases","Cases",2012,6566.510273738904
"PHL","Philippines","admin0","Clinical Cases","Cases",2013,4515.370626596124
"PHL","Philippines","admin0","Clinical Cases","Cases",2014,3196.1563747491014
"PHL","Philippines","admin0","Clinical Cases","Cases",2015,4267.36400143664
"PHL","Philippines","admin0","Clinical Cases","Cases",2016,2613.002793504703
"PHL","Philippines","admin0","Clinical Cases","Cases",2017,2768.8535722898646
"PHL","Philippines","admin0","Clinical Cases","Cases",2018,1399.631165199766
"PHL","Philippines","admin0","Clinical Cases","Cases",2019,1872.6828518417758
"PHL","Philippines","admin0","Clinical Cases","Cases",2020,2629.827420711063
"COG","Congo","admin0","Clinical Cases","Cases",2010,0
"COG","Congo","admin0","Clinical Cases","Cases",2011,0
"COG","Congo","admin0","Clinical Cases","Cases",2012,0
"COG","Congo","admin0","Clinical Cases","Cases",2013,0
"COG","Congo","admin0","Clinical Cases","Cases",2014,0
"COG","Congo","admin0","Clinical Cases","Cases",2015,0
"COG","Congo","admin0","Clinical Cases","Cases",2016,0
"COG","Congo","admin0","Clinical Cases","Cases",2017,0
"COG","Congo","admin0","Clinical Cases","Cases",2018,0
"COG","Congo","admin0","Clinical Cases","Cases",2019,0
"COG","Congo","admin0","Clinical Cases","Cases",2020,0
"RWA","Rwanda","admin0","Clinical Cases","Cases",2010,0
"RWA","Rwanda","admin0","Clinical Cases","Cases",2011,0
"RWA","Rwanda","admin0","Clinical Cases","Cases",2012,0
"RWA","Rwanda","admin0","Clinical Cases","Cases",2013,0
"RWA","Rwanda","admin0","Clinical Cases","Cases",2014,0
"RWA","Rwanda","admin0","Clinical Cases","Cases",2015,0
"RWA","Rwanda","admin0","Clinical Cases","Cases",2016,0
"RWA","Rwanda","admin0","Clinical Cases","Cases",2017,0
"RWA","Rwanda","admin0","Clinical Cases","Cases",2018,0
"RWA","Rwanda","admin0","Clinical Cases","Cases",2019,0
"RWA","Rwanda","admin0","Clinical Cases","Cases",2020,0
"STP","Sao Tome And Principe","admin0","Clinical Cases","Cases",2010,0
"STP","Sao Tome And Principe","admin0","Clinical Cases","Cases",2011,0
"STP","Sao Tome And Principe","admin0","Clinical Cases","Cases",2012,0
"STP","Sao Tome And Principe","admin0","Clinical Cases","Cases",2013,0
"STP","Sao Tome And Principe","admin0","Clinical Cases","Cases",2014,0
"STP","Sao Tome And Principe","admin0","Clinical Cases","Cases",2015,0
"STP","Sao Tome And Principe","admin0","Clinical Cases","Cases",2016,0
"STP","Sao Tome And Principe","admin0","Clinical Cases","Cases",2017,0
"STP","Sao Tome And Principe","admin0","Clinical Cases","Cases",2018,0
"STP","Sao Tome And Principe","admin0","Clinical Cases","Cases",2019,0
"STP","Sao Tome And Principe","admin0","Clinical Cases","Cases",2020,0
"SAU","Saudi Arabia","admin0","Clinical Cases","Cases",2010,0
"SAU","Saudi Arabia","admin0","Clinical Cases","Cases",2011,0
"SAU","Saudi Arabia","admin0","Clinical Cases","Cases",2012,0
"SAU","Saudi Arabia","admin0","Clinical Cases","Cases",2013,0
"SAU","Saudi Arabia","admin0","Clinical Cases","Cases",2014,0
"SAU","Saudi Arabia","admin0","Clinical Cases","Cases",2015,0
"SAU","Saudi Arabia","admin0","Clinical Cases","Cases",2016,4.137674697691531
"SAU","Saudi Arabia","admin0","Clinical Cases","Cases",2017,10.569209618254222
"SAU","Saudi Arabia","admin0","Clinical Cases","Cases",2018,26.590601523031367
"SAU","Saudi Arabia","admin0","Clinical Cases","Cases",2019,0
"SAU","Saudi Arabia","admin0","Clinical Cases","Cases",2020,0
"SEN","Senegal","admin0","Clinical Cases","Cases",2010,0
"SEN","Senegal","admin0","Clinical Cases","Cases",2011,0
"SEN","Senegal","admin0","Clinical Cases","Cases",2012,0
"SEN","Senegal","admin0","Clinical Cases","Cases",2013,0
"SEN","Senegal","admin0","Clinical Cases","Cases",2014,0
"SEN","Senegal","admin0","Clinical Cases","Cases",2015,0
"SEN","Senegal","admin0","Clinical Cases","Cases",2016,0
"SEN","Senegal","admin0","Clinical Cases","Cases",2017,0
"SEN","Senegal","admin0","Clinical Cases","Cases",2018,0
"SEN","Senegal","admin0","Clinical Cases","Cases",2019,0
"SEN","Senegal","admin0","Clinical Cases","Cases",2020,0
"SLE","Sierra Leone","admin0","Clinical Cases","Cases",2010,0
"SLE","Sierra Leone","admin0","Clinical Cases","Cases",2011,0
"SLE","Sierra Leone","admin0","Clinical Cases","Cases",2012,0
"SLE","Sierra Leone","admin0","Clinical Cases","Cases",2013,0
"SLE","Sierra Leone","admin0","Clinical Cases","Cases",2014,0
"SLE","Sierra Leone","admin0","Clinical Cases","Cases",2015,0
"SLE","Sierra Leone","admin0","Clinical Cases","Cases",2016,0
"SLE","Sierra Leone","admin0","Clinical Cases","Cases",2017,0
"SLE","Sierra Leone","admin0","Clinical Cases","Cases",2018,0
"SLE","Sierra Leone","admin0","Clinical Cases","Cases",2019,0
"SLE","Sierra Leone","admin0","Clinical Cases","Cases",2020,0
"SLB","Solomon Islands","admin0","Clinical Cases","Cases",2010,43996.92659488833
"SLB","Solomon Islands","admin0","Clinical Cases","Cases",2011,31878.163780429382
"SLB","Solomon Islands","admin0","Clinical Cases","Cases",2012,27807.24661605632
"SLB","Solomon Islands","admin0","Clinical Cases","Cases",2013,34833.39804763261
"SLB","Solomon Islands","admin0","Clinical Cases","Cases",2014,20516.903991087816
"SLB","Solomon Islands","admin0","Clinical Cases","Cases",2015,32416.827909129497
"SLB","Solomon Islands","admin0","Clinical Cases","Cases",2016,76856.45412053925
"SLB","Solomon Islands","admin0","Clinical Cases","Cases",2017,73679.09619646397
"SLB","Solomon Islands","admin0","Clinical Cases","Cases",2018,82972.87369413405
"SLB","Solomon Islands","admin0","Clinical Cases","Cases",2019,110919.65756306608
"SLB","Solomon Islands","admin0","Clinical Cases","Cases",2020,122761.01980248283
"SOM","Somalia","admin0","Clinical Cases","Cases",2010,0
"SOM","Somalia","admin0","Clinical Cases","Cases",2011,0
"SOM","Somalia","admin0","Clinical Cases","Cases",2012,5136.1704542147745
"SOM","Somalia","admin0","Clinical Cases","Cases",2013,5753.924792603013
"SOM","Somalia","admin0","Clinical Cases","Cases",2014,7175.51739788391
"SOM","Somalia","admin0","Clinical Cases","Cases",2015,9585.51678766586
"SOM","Somalia","admin0","Clinical Cases","Cases",2016,13837.56998601174
"SOM","Somalia","admin0","Clinical Cases","Cases",2017,19519.486420683017
"SOM","Somalia","admin0","Clinical Cases","Cases",2018,24527.744859333518
"SOM","Somalia","admin0","Clinical Cases","Cases",2019,210499.30844752945
"SOM","Somalia","admin0","Clinical Cases","Cases",2020,27392.119202018417
"ZAF","South Africa","admin0","Clinical Cases","Cases",2010,0
"ZAF","South Africa","admin0","Clinical Cases","Cases",2011,0
"ZAF","South Africa","admin0","Clinical Cases","Cases",2012,0
"ZAF","South Africa","admin0","Clinical Cases","Cases",2013,0
"ZAF","South Africa","admin0","Clinical Cases","Cases",2014,0
"ZAF","South Africa","admin0","Clinical Cases","Cases",2015,0
"ZAF","South Africa","admin0","Clinical Cases","Cases",2016,0
"ZAF","South Africa","admin0","Clinical Cases","Cases",2017,0
"ZAF","South Africa","admin0","Clinical Cases","Cases",2018,0
"ZAF","South Africa","admin0","Clinical Cases","Cases",2019,0
"ZAF","South Africa","admin0","Clinical Cases","Cases",2020,0
"KOR","South Korea","admin0","Clinical Cases","Cases",2010,1489.2055315846553
"KOR","South Korea","admin0","Clinical Cases","Cases",2011,664.5069341096578
"KOR","South Korea","admin0","Clinical Cases","Cases",2012,417.24507429495
"KOR","South Korea","admin0","Clinical Cases","Cases",2013,347.6911625290699
"KOR","South Korea","admin0","Clinical Cases","Cases",2014,493.40744226330287
"KOR","South Korea","admin0","Clinical Cases","Cases",2015,555.5293605728408
"KOR","South Korea","admin0","Clinical Cases","Cases",2016,533.9099895225812
"KOR","South Korea","admin0","Clinical Cases","Cases",2017,386.5578432530607
"KOR","South Korea","admin0","Clinical Cases","Cases",2018,445.66741856100543
"KOR","South Korea","admin0","Clinical Cases","Cases",2019,431.2317338072107
"KOR","South Korea","admin0","Clinical Cases","Cases",2020,321.2738110838011
"SSD","South Sudan","admin0","Clinical Cases","Cases",2010,0
"SSD","South Sudan","admin0","Clinical Cases","Cases",2011,0
"SSD","South Sudan","admin0","Clinical Cases","Cases",2012,0
"SSD","South Sudan","admin0","Clinical Cases","Cases",2013,0
"SSD","South Sudan","admin0","Clinical Cases","Cases",2014,0
"SSD","South Sudan","admin0","Clinical Cases","Cases",2015,0
"SSD","South Sudan","admin0","Clinical Cases","Cases",2016,0
"SSD","South Sudan","admin0","Clinical Cases","Cases",2017,0
"SSD","South Sudan","admin0","Clinical Cases","Cases",2018,0
"SSD","South Sudan","admin0","Clinical Cases","Cases",2019,0
"SSD","South Sudan","admin0","Clinical Cases","Cases",2020,0
"LKA","Sri Lanka","admin0","Clinical Cases","Cases",2010,1386.6582245409884
"LKA","Sri Lanka","admin0","Clinical Cases","Cases",2011,118.41104872707683
"LKA","Sri Lanka","admin0","Clinical Cases","Cases",2012,18.600470495617948
"LKA","Sri Lanka","admin0","Clinical Cases","Cases",2013,0
"LKA","Sri Lanka","admin0","Clinical Cases","Cases",2014,0
"LKA","Sri Lanka","admin0","Clinical Cases","Cases",2015,0
"LKA","Sri Lanka","admin0","Clinical Cases","Cases",2016,0
"LKA","Sri Lanka","admin0","Clinical Cases","Cases",2017,0
"LKA","Sri Lanka","admin0","Clinical Cases","Cases",2018,0
"LKA","Sri Lanka","admin0","Clinical Cases","Cases",2019,0
"LKA","Sri Lanka","admin0","Clinical Cases","Cases",2020,0
"SDN","Sudan","admin0","Clinical Cases","Cases",2010,176575.82829860176
"SDN","Sudan","admin0","Clinical Cases","Cases",2011,179066.14994001764
"SDN","Sudan","admin0","Clinical Cases","Cases",2012,185598.21234621623
"SDN","Sudan","admin0","Clinical Cases","Cases",2013,200353.62817830802
"SDN","Sudan","admin0","Clinical Cases","Cases",2014,225971.8003967845
"SDN","Sudan","admin0","Clinical Cases","Cases",2015,253299.47973256305
"SDN","Sudan","admin0","Clinical Cases","Cases",2016,223277.9013286269
"SDN","Sudan","admin0","Clinical Cases","Cases",2017,195083.92196849597
"SDN","Sudan","admin0","Clinical Cases","Cases",2018,239903.68725154412
"SDN","Sudan","admin0","Clinical Cases","Cases",2019,344900.8169068497
"SDN","Sudan","admin0","Clinical Cases","Cases",2020,365311.1431973697
"SUR","Suriname","admin0","Clinical Cases","Cases",2010,1831.0222814464498
"SUR","Suriname","admin0","Clinical Cases","Cases",2011,859.9936726057272
"SUR","Suriname","admin0","Clinical Cases","Cases",2012,680.2757529163878
"SUR","Suriname","admin0","Clinical Cases","Cases",2013,684.7499249858791
"SUR","Suriname","admin0","Clinical Cases","Cases",2014,246.07042721080273
"SUR","Suriname","admin0","Clinical Cases","Cases",2015,162.14317984245088
"SUR","Suriname","admin0","Clinical Cases","Cases",2016,96.14444647734615
"SUR","Suriname","admin0","Clinical Cases","Cases",2017,34.20049160569256
"SUR","Suriname","admin0","Clinical Cases","Cases",2018,47.20943908016015
"SUR","Suriname","admin0","Clinical Cases","Cases",2019,170.33178506433364
"SUR","Suriname","admin0","Clinical Cases","Cases",2020,325.51588542804694
"SWZ","eSwatini","admin0","Clinical Cases","Cases",2010,0
"SWZ","eSwatini","admin0","Clinical Cases","Cases",2011,0
"SWZ","eSwatini","admin0","Clinical Cases","Cases",2012,0
"SWZ","eSwatini","admin0","Clinical Cases","Cases",2013,0
"SWZ","eSwatini","admin0","Clinical Cases","Cases",2014,0
"SWZ","eSwatini","admin0","Clinical Cases","Cases",2015,0
"SWZ","eSwatini","admin0","Clinical Cases","Cases",2016,0
"SWZ","eSwatini","admin0","Clinical Cases","Cases",2017,0
"SWZ","eSwatini","admin0","Clinical Cases","Cases",2018,0
"SWZ","eSwatini","admin0","Clinical Cases","Cases",2019,0
"SWZ","eSwatini","admin0","Clinical Cases","Cases",2020,0
"SYR","Syria","admin0","Clinical Cases","Cases",2010,0
"SYR","Syria","admin0","Clinical Cases","Cases",2011,0
"SYR","Syria","admin0","Clinical Cases","Cases",2012,0
"SYR","Syria","admin0","Clinical Cases","Cases",2013,0
"SYR","Syria","admin0","Clinical Cases","Cases",2014,0
"SYR","Syria","admin0","Clinical Cases","Cases",2015,0
"SYR","Syria","admin0","Clinical Cases","Cases",2016,0
"SYR","Syria","admin0","Clinical Cases","Cases",2017,0
"SYR","Syria","admin0","Clinical Cases","Cases",2018,0
"SYR","Syria","admin0","Clinical Cases","Cases",2019,0
"SYR","Syria","admin0","Clinical Cases","Cases",2020,0
"TJK","Tajikistan","admin0","Clinical Cases","Cases",2010,120.33748203723177
"TJK","Tajikistan","admin0","Clinical Cases","Cases",2011,103.86435269119093
"TJK","Tajikistan","admin0","Clinical Cases","Cases",2012,40.5916619766452
"TJK","Tajikistan","admin0","Clinical Cases","Cases",2013,4.16566332277602
"TJK","Tajikistan","admin0","Clinical Cases","Cases",2014,2.0824507365547515
"TJK","Tajikistan","admin0","Clinical Cases","Cases",2015,0
"TJK","Tajikistan","admin0","Clinical Cases","Cases",2016,0
"TJK","Tajikistan","admin0","Clinical Cases","Cases",2017,0
"TJK","Tajikistan","admin0","Clinical Cases","Cases",2018,0
"TJK","Tajikistan","admin0","Clinical Cases","Cases",2019,0
"TJK","Tajikistan","admin0","Clinical Cases","Cases",2020,0
"TZA","Tanzania","admin0","Clinical Cases","Cases",2010,0
"TZA","Tanzania","admin0","Clinical Cases","Cases",2011,0
"TZA","Tanzania","admin0","Clinical Cases","Cases",2012,0
"TZA","Tanzania","admin0","Clinical Cases","Cases",2013,0
"TZA","Tanzania","admin0","Clinical Cases","Cases",2014,0
"TZA","Tanzania","admin0","Clinical Cases","Cases",2015,0
"TZA","Tanzania","admin0","Clinical Cases","Cases",2016,0
"TZA","Tanzania","admin0","Clinical Cases","Cases",2017,0
"TZA","Tanzania","admin0","Clinical Cases","Cases",2018,0
"TZA","Tanzania","admin0","Clinical Cases","Cases",2019,0
"TZA","Tanzania","admin0","Clinical Cases","Cases",2020,0
"THA","Thailand","admin0","Clinical Cases","Cases",2010,35143.62547554737
"THA","Thailand","admin0","Clinical Cases","Cases",2011,33265.012629278164
"THA","Thailand","admin0","Clinical Cases","Cases",2012,39947.93483983589
"THA","Thailand","admin0","Clinical Cases","Cases",2013,29875.23375507969
"THA","Thailand","admin0","Clinical Cases","Cases",2014,35667.58789240586
"THA","Thailand","admin0","Clinical Cases","Cases",2015,7376.984433197846
"THA","Thailand","admin0","Clinical Cases","Cases",2016,9280.40752079411
"THA","Thailand","admin0","Clinical Cases","Cases",2017,0
"THA","Thailand","admin0","Clinical Cases","Cases",2018,0
"THA","Thailand","admin0","Clinical Cases","Cases",2019,4773.799699944309
"THA","Thailand","admin0","Clinical Cases","Cases",2020,5012.868328198961
"TLS","Timor-Leste","admin0","Clinical Cases","Cases",2010,35055.45138895521
"TLS","Timor-Leste","admin0","Clinical Cases","Cases",2011,8085.198849743768
"TLS","Timor-Leste","admin0","Clinical Cases","Cases",2012,4831.667942113496
"TLS","Timor-Leste","admin0","Clinical Cases","Cases",2013,1160.911467643112
"TLS","Timor-Leste","admin0","Clinical Cases","Cases",2014,374.7973042605062
"TLS","Timor-Leste","admin0","Clinical Cases","Cases",2015,57.20505129270357
"TLS","Timor-Leste","admin0","Clinical Cases","Cases",2016,20.619567852119275
"TLS","Timor-Leste","admin0","Clinical Cases","Cases",2017,11.402466120667642
"TLS","Timor-Leste","admin0","Clinical Cases","Cases",2018,0
"TLS","Timor-Leste","admin0","Clinical Cases","Cases",2019,0
"TLS","Timor-Leste","admin0","Clinical Cases","Cases",2020,0
"TGO","Togo","admin0","Clinical Cases","Cases",2010,0
"TGO","Togo","admin0","Clinical Cases","Cases",2011,0
"TGO","Togo","admin0","Clinical Cases","Cases",2012,0
"TGO","Togo","admin0","Clinical Cases","Cases",2013,0
"TGO","Togo","admin0","Clinical Cases","Cases",2014,0
"TGO","Togo","admin0","Clinical Cases","Cases",2015,0
"TGO","Togo","admin0","Clinical Cases","Cases",2016,0
"TGO","Togo","admin0","Clinical Cases","Cases",2017,0
"TGO","Togo","admin0","Clinical Cases","Cases",2018,0
"TGO","Togo","admin0","Clinical Cases","Cases",2019,0
"TGO","Togo","admin0","Clinical Cases","Cases",2020,0
"TUR","Turkey","admin0","Clinical Cases","Cases",2010,0
"TUR","Turkey","admin0","Clinical Cases","Cases",2011,0
"TUR","Turkey","admin0","Clinical Cases","Cases",2012,0
"TUR","Turkey","admin0","Clinical Cases","Cases",2013,0
"TUR","Turkey","admin0","Clinical Cases","Cases",2014,0
"TUR","Turkey","admin0","Clinical Cases","Cases",2015,0
"TUR","Turkey","admin0","Clinical Cases","Cases",2016,0
"TUR","Turkey","admin0","Clinical Cases","Cases",2017,0
"TUR","Turkey","admin0","Clinical Cases","Cases",2018,0
"TUR","Turkey","admin0","Clinical Cases","Cases",2019,0
"TUR","Turkey","admin0","Clinical Cases","Cases",2020,0
"TKM","Turkmenistan","admin0","Clinical Cases","Cases",2010,0
"TKM","Turkmenistan","admin0","Clinical Cases","Cases",2011,0
"TKM","Turkmenistan","admin0","Clinical Cases","Cases",2012,0
"TKM","Turkmenistan","admin0","Clinical Cases","Cases",2013,0
"TKM","Turkmenistan","admin0","Clinical Cases","Cases",2014,0
"TKM","Turkmenistan","admin0","Clinical Cases","Cases",2015,0
"TKM","Turkmenistan","admin0","Clinical Cases","Cases",2016,0
"TKM","Turkmenistan","admin0","Clinical Cases","Cases",2017,0
"TKM","Turkmenistan","admin0","Clinical Cases","Cases",2018,0
"TKM","Turkmenistan","admin0","Clinical Cases","Cases",2019,0
"TKM","Turkmenistan","admin0","Clinical Cases","Cases",2020,0
"UGA","Uganda","admin0","Clinical Cases","Cases",2010,0
"UGA","Uganda","admin0","Clinical Cases","Cases",2011,0
"UGA","Uganda","admin0","Clinical Cases","Cases",2012,0
"UGA","Uganda","admin0","Clinical Cases","Cases",2013,0
"UGA","Uganda","admin0","Clinical Cases","Cases",2014,0
"UGA","Uganda","admin0","Clinical Cases","Cases",2015,0
"UGA","Uganda","admin0","Clinical Cases","Cases",2016,0
"UGA","Uganda","admin0","Clinical Cases","Cases",2017,0
"UGA","Uganda","admin0","Clinical Cases","Cases",2018,0
"UGA","Uganda","admin0","Clinical Cases","Cases",2019,0
"UGA","Uganda","admin0","Clinical Cases","Cases",2020,0
"UZB","Uzbekistan","admin0","Clinical Cases","Cases",2010,42.1900476072472
"UZB","Uzbekistan","admin0","Clinical Cases","Cases",2011,0
"UZB","Uzbekistan","admin0","Clinical Cases","Cases",2012,0
"UZB","Uzbekistan","admin0","Clinical Cases","Cases",2013,0
"UZB","Uzbekistan","admin0","Clinical Cases","Cases",2014,0
"UZB","Uzbekistan","admin0","Clinical Cases","Cases",2015,0
"UZB","Uzbekistan","admin0","Clinical Cases","Cases",2016,0
"UZB","Uzbekistan","admin0","Clinical Cases","Cases",2017,0
"UZB","Uzbekistan","admin0","Clinical Cases","Cases",2018,0
"UZB","Uzbekistan","admin0","Clinical Cases","Cases",2019,0
"UZB","Uzbekistan","admin0","Clinical Cases","Cases",2020,0
"VUT","Vanuatu","admin0","Clinical Cases","Cases",2010,14930.36787287057
"VUT","Vanuatu","admin0","Clinical Cases","Cases",2011,11441.492010400405
"VUT","Vanuatu","admin0","Clinical Cases","Cases",2012,9338.80386654128
"VUT","Vanuatu","admin0","Clinical Cases","Cases",2013,6570.775654214707
"VUT","Vanuatu","admin0","Clinical Cases","Cases",2014,3686.6892028455118
"VUT","Vanuatu","admin0","Clinical Cases","Cases",2015,1265.0246357645617
"VUT","Vanuatu","admin0","Clinical Cases","Cases",2016,7237.27152224915
"VUT","Vanuatu","admin0","Clinical Cases","Cases",2017,3451.0026632435142
"VUT","Vanuatu","admin0","Clinical Cases","Cases",2018,2248.4442459690117
"VUT","Vanuatu","admin0","Clinical Cases","Cases",2019,1990.8308034219767
"VUT","Vanuatu","admin0","Clinical Cases","Cases",2020,1831.9794368830585
"VEN","Venezuela","admin0","Clinical Cases","Cases",2010,69982.67049794151
"VEN","Venezuela","admin0","Clinical Cases","Cases",2011,71390.67023825312
"VEN","Venezuela","admin0","Clinical Cases","Cases",2012,78358.84475578755
"VEN","Venezuela","admin0","Clinical Cases","Cases",2013,103029.19441007452
"VEN","Venezuela","admin0","Clinical Cases","Cases",2014,124899.60020181317
"VEN","Venezuela","admin0","Clinical Cases","Cases",2015,295682.35257798503
"VEN","Venezuela","admin0","Clinical Cases","Cases",2016,409508.2451498615
"VEN","Venezuela","admin0","Clinical Cases","Cases",2017,730958.0075711607
"VEN","Venezuela","admin0","Clinical Cases","Cases",2018,774681.4149067455
"VEN","Venezuela","admin0","Clinical Cases","Cases",2019,689690.1213147505
"VEN","Venezuela","admin0","Clinical Cases","Cases",2020,378991.0306726052
"VNM","Vietnam","admin0","Clinical Cases","Cases",2010,10119.702588444463
"VNM","Vietnam","admin0","Clinical Cases","Cases",2011,13595.313428404319
"VNM","Vietnam","admin0","Clinical Cases","Cases",2012,17622.589424049616
"VNM","Vietnam","admin0","Clinical Cases","Cases",2013,16617.934335793027
"VNM","Vietnam","admin0","Clinical Cases","Cases",2014,16975.05323533481
"VNM","Vietnam","admin0","Clinical Cases","Cases",2015,11232.049710336738
"VNM","Vietnam","admin0","Clinical Cases","Cases",2016,4352.621863678915
"VNM","Vietnam","admin0","Clinical Cases","Cases",2017,5431.323615291067
"VNM","Vietnam","admin0","Clinical Cases","Cases",2018,3009.9821491761973
"VNM","Vietnam","admin0","Clinical Cases","Cases",2019,3004.131147934416
"VNM","Vietnam","admin0","Clinical Cases","Cases",2020,1832.7695199127695
"YEM","Yemen","admin0","Clinical Cases","Cases",2010,13400.219813144242
"YEM","Yemen","admin0","Clinical Cases","Cases",2011,6684.572133200023
"YEM","Yemen","admin0","Clinical Cases","Cases",2012,3699.163081716403
"YEM","Yemen","admin0","Clinical Cases","Cases",2013,3563.499573543805
"YEM","Yemen","admin0","Clinical Cases","Cases",2014,3305.5081291458073
"YEM","Yemen","admin0","Clinical Cases","Cases",2015,3968.8312600029753
"YEM","Yemen","admin0","Clinical Cases","Cases",2016,8005.510787603096
"YEM","Yemen","admin0","Clinical Cases","Cases",2017,21044.758311748654
"YEM","Yemen","admin0","Clinical Cases","Cases",2018,12380.84207963939
"YEM","Yemen","admin0","Clinical Cases","Cases",2019,16345.889760690066
"YEM","Yemen","admin0","Clinical Cases","Cases",2020,13736.146644786526
"ZMB","Zambia","admin0","Clinical Cases","Cases",2010,0
"ZMB","Zambia","admin0","Clinical Cases","Cases",2011,0
"ZMB","Zambia","admin0","Clinical Cases","Cases",2012,0
"ZMB","Zambia","admin0","Clinical Cases","Cases",2013,0
"ZMB","Zambia","admin0","Clinical Cases","Cases",2014,0
"ZMB","Zambia","admin0","Clinical Cases","Cases",2015,0
"ZMB","Zambia","admin0","Clinical Cases","Cases",2016,0
"ZMB","Zambia","admin0","Clinical Cases","Cases",2017,0
"ZMB","Zambia","admin0","Clinical Cases","Cases",2018,0
"ZMB","Zambia","admin0","Clinical Cases","Cases",2019,0
"ZMB","Zambia","admin0","Clinical Cases","Cases",2020,0
"ZWE","Zimbabwe","admin0","Clinical Cases","Cases",2010,0
"ZWE","Zimbabwe","admin0","Clinical Cases","Cases",2011,0
"ZWE","Zimbabwe","admin0","Clinical Cases","Cases",2012,0
"ZWE","Zimbabwe","admin0","Clinical Cases","Cases",2013,0
"ZWE","Zimbabwe","admin0","Clinical Cases","Cases",2014,0
"ZWE","Zimbabwe","admin0","Clinical Cases","Cases",2015,0
"ZWE","Zimbabwe","admin0","Clinical Cases","Cases",2016,0
"ZWE","Zimbabwe","admin0","Clinical Cases","Cases",2017,0
"ZWE","Zimbabwe","admin0","Clinical Cases","Cases",2018,0
"ZWE","Zimbabwe","admin0","Clinical Cases","Cases",2019,0
"ZWE","Zimbabwe","admin0","Clinical Cases","Cases",2020,0
