IndicatorCode,Indicator,ValueType,ParentLocationCode,ParentLocation,Location type,SpatialDimValueCode,Location,Period type,Period,IsLatestYear,FactValueNumeric,Value,Language,DateModified
MALARIA_PV_INDIG,Number of indigenous P. vivax malaria cases,numeric,EUR,Europe,Country,ARM,Armenia,Year,2020,TRUE,0,0,EN,2022-02-09T18:30:00.000Z
MALARIA_PV_INDIG,Number of indigenous P. vivax malaria cases,numeric,AMR,Americas,Country,BLZ,Belize,Year,2020,TRUE,0,0,EN,2022-02-09T18:30:00.000Z
MALARIA_PV_INDIG,Number of indigenous P. vivax malaria cases,numeric,WPR,Western Pacific,Country,CHN,China,Year,2020,TRUE,0,0,EN,2022-02-09T18:30:00.000Z
MALARIA_PV_INDIG,Number of indigenous P. vivax malaria cases,numeric,AMR,Americas,Country,SLV,El Salvador,Year,2020,TRUE,0,0,EN,2022-02-09T18:30:00.000Z
MALARIA_PV_INDIG,Number of indigenous P. vivax malaria cases,numeric,EUR,Europe,Country,GEO,Georgia,Year,2020,TRUE,0,0,EN,2022-02-09T18:30:00.000Z
MALARIA_PV_INDIG,Number of indigenous P. vivax malaria cases,numeric,EMR,Eastern Mediterranean,Country,IRN,Iran (Islamic Republic of),Year,2020,TRUE,0,0,EN,2022-02-09T18:30:00.000Z
MALARIA_PV_INDIG,Number of indigenous P. vivax malaria cases,numeric,EUR,Europe,Country,KGZ,Kyrgyzstan,Year,2020,TRUE,0,0,EN,2022-02-09T18:30:00.000Z
MALARIA_PV_INDIG,Number of indigenous P. vivax malaria cases,numeric,WPR,Western Pacific,Country,MYS,Malaysia,Year,2020,TRUE,0,0,EN,2022-02-09T18:30:00.000Z
MALARIA_PV_INDIG,Number of indigenous P. vivax malaria cases,numeric,SEAR,South-East Asia,Country,LKA,Sri Lanka,Year,2020,TRUE,0,0,EN,2022-02-09T18:30:00.000Z
MALARIA_PV_INDIG,Number of indigenous P. vivax malaria cases,numeric,EUR,Europe,Country,TJK,Tajikistan,Year,2020,TRUE,0,0,EN,2022-02-09T18:30:00.000Z
MALARIA_PV_INDIG,Number of indigenous P. vivax malaria cases,numeric,SEAR,South-East Asia,Country,TLS,Timor-Leste,Year,2020,TRUE,0,0,EN,2022-02-09T18:30:00.000Z
MALARIA_PV_INDIG,Number of indigenous P. vivax malaria cases,numeric,AFR,Africa,Country,TZA,United Republic of Tanzania,Year,2020,TRUE,0,0,EN,2022-02-09T18:30:00.000Z
MALARIA_PV_INDIG,Number of indigenous P. vivax malaria cases,numeric,EUR,Europe,Country,UZB,Uzbekistan,Year,2020,TRUE,0,0,EN,2022-02-09T18:30:00.000Z
MALARIA_PV_INDIG,Number of indigenous P. vivax malaria cases,numeric,AMR,Americas,Country,GUY,Guyana,Year,2020,TRUE,10901,10 901,EN,2022-02-09T18:30:00.000Z
MALARIA_PV_INDIG,Number of indigenous P. vivax malaria cases,numeric,EMR,Eastern Mediterranean,Country,AFG,Afghanistan,Year,2020,TRUE,102316,102 316,EN,2022-02-09T18:30:00.000Z
MALARIA_PV_INDIG,Number of indigenous P. vivax malaria cases,numeric,AMR,Americas,Country,GTM,Guatemala,Year,2020,TRUE,1058,1058,EN,2022-02-09T18:30:00.000Z
MALARIA_PV_INDIG,Number of indigenous P. vivax malaria cases,numeric,AMR,Americas,Country,BRA,Brazil,Year,2020,TRUE,119898,119 898,EN,2022-02-09T18:30:00.000Z
MALARIA_PV_INDIG,Number of indigenous P. vivax malaria cases,numeric,AMR,Americas,Country,BOL,Bolivia (Plurinational State of),Year,2020,TRUE,12107,12 107,EN,2022-02-09T18:30:00.000Z
MALARIA_PV_INDIG,Number of indigenous P. vivax malaria cases,numeric,AMR,Americas,Country,PER,Peru,Year,2020,TRUE,12624,12 624,EN,2022-02-09T18:30:00.000Z
MALARIA_PV_INDIG,Number of indigenous P. vivax malaria cases,numeric,SEAR,South-East Asia,Country,BGD,Bangladesh,Year,2020,TRUE,1245,1245,EN,2022-02-09T18:30:00.000Z
MALARIA_PV_INDIG,Number of indigenous P. vivax malaria cases,numeric,AMR,Americas,Country,NIC,Nicaragua,Year,2020,TRUE,13421,13 421,EN,2022-02-09T18:30:00.000Z
MALARIA_PV_INDIG,Number of indigenous P. vivax malaria cases,numeric,WPR,Western Pacific,Country,KHM,Cambodia,Year,2020,TRUE,13976,13 976,EN,2022-02-09T18:30:00.000Z
MALARIA_PV_INDIG,Number of indigenous P. vivax malaria cases,numeric,AMR,Americas,Country,SUR,Suriname,Year,2020,TRUE,147,147,EN,2022-02-09T18:30:00.000Z
MALARIA_PV_INDIG,Number of indigenous P. vivax malaria cases,numeric,AMR,Americas,Country,VEN,Venezuela (Bolivarian Republic of),Year,2020,TRUE,151783,151 783,EN,2022-02-09T18:30:00.000Z
MALARIA_PV_INDIG,Number of indigenous P. vivax malaria cases,numeric,EMR,Eastern Mediterranean,Country,YEM,Yemen,Year,2020,TRUE,1684,1684,EN,2022-02-09T18:30:00.000Z
MALARIA_PV_INDIG,Number of indigenous P. vivax malaria cases,numeric,EMR,Eastern Mediterranean,Country,SDN,Sudan,Year,2020,TRUE,170202,170 202,EN,2022-02-09T18:30:00.000Z
MALARIA_PV_INDIG,Number of indigenous P. vivax malaria cases,numeric,AMR,Americas,Country,ECU,Ecuador,Year,2020,TRUE,1715,1715,EN,2022-02-09T18:30:00.000Z
MALARIA_PV_INDIG,Number of indigenous P. vivax malaria cases,numeric,SEAR,South-East Asia,Country,PRK,Democratic People's Republic of Korea,Year,2020,TRUE,1819,1819,EN,2022-02-09T18:30:00.000Z
MALARIA_PV_INDIG,Number of indigenous P. vivax malaria cases,numeric,WPR,Western Pacific,Country,PNG,Papua New Guinea,Year,2020,TRUE,186981,186 981,EN,2022-02-09T18:30:00.000Z
MALARIA_PV_INDIG,Number of indigenous P. vivax malaria cases,numeric,WPR,Western Pacific,Country,LAO,Lao People's Democratic Republic,Year,2020,TRUE,1882,1882,EN,2022-02-09T18:30:00.000Z
MALARIA_PV_INDIG,Number of indigenous P. vivax malaria cases,numeric,AMR,Americas,Country,COL,Colombia,Year,2020,TRUE,20517,20 517,EN,2022-02-09T18:30:00.000Z
MALARIA_PV_INDIG,Number of indigenous P. vivax malaria cases,numeric,AMR,Americas,Country,PAN,Panama,Year,2020,TRUE,2181,2181,EN,2022-02-09T18:30:00.000Z
MALARIA_PV_INDIG,Number of indigenous P. vivax malaria cases,numeric,SEAR,South-East Asia,Country,BTN,Bhutan,Year,2020,TRUE,22,22,EN,2022-02-09T18:30:00.000Z
MALARIA_PV_INDIG,Number of indigenous P. vivax malaria cases,numeric,AFR,Africa,Country,SSD,South Sudan,Year,2020,TRUE,2205,2205,EN,2022-02-09T18:30:00.000Z
MALARIA_PV_INDIG,Number of indigenous P. vivax malaria cases,numeric,AFR,Africa,Country,MDG,Madagascar,Year,2020,TRUE,253,253,EN,2022-02-09T18:30:00.000Z
MALARIA_PV_INDIG,Number of indigenous P. vivax malaria cases,numeric,EMR,Eastern Mediterranean,Country,DJI,Djibouti,Year,2020,TRUE,26998,26 998,EN,2022-02-09T18:30:00.000Z
MALARIA_PV_INDIG,Number of indigenous P. vivax malaria cases,numeric,AFR,Africa,Country,ETH,Ethiopia,Year,2020,TRUE,263877,263 877,EN,2022-02-09T18:30:00.000Z
MALARIA_PV_INDIG,Number of indigenous P. vivax malaria cases,numeric,SEAR,South-East Asia,Country,THA,Thailand,Year,2020,TRUE,2892,2892,EN,2022-02-09T18:30:00.000Z
MALARIA_PV_INDIG,Number of indigenous P. vivax malaria cases,numeric,EMR,Eastern Mediterranean,Country,PAK,Pakistan,Year,2020,TRUE,293077,293 077,EN,2022-02-09T18:30:00.000Z
MALARIA_PV_INDIG,Number of indigenous P. vivax malaria cases,numeric,AMR,Americas,Country,MEX,Mexico,Year,2020,TRUE,356,356,EN,2022-02-09T18:30:00.000Z
MALARIA_PV_INDIG,Number of indigenous P. vivax malaria cases,numeric,WPR,Western Pacific,Country,KOR,Republic of Korea,Year,2020,TRUE,356,356,EN,2022-02-09T18:30:00.000Z
MALARIA_PV_INDIG,Number of indigenous P. vivax malaria cases,numeric,SEAR,South-East Asia,Country,MMR,Myanmar,Year,2020,TRUE,43578,43 578,EN,2022-02-09T18:30:00.000Z
MALARIA_PV_INDIG,Number of indigenous P. vivax malaria cases,numeric,WPR,Western Pacific,Country,VUT,Vanuatu,Year,2020,TRUE,469,469,EN,2022-02-09T18:30:00.000Z
MALARIA_PV_INDIG,Number of indigenous P. vivax malaria cases,numeric,WPR,Western Pacific,Country,SLB,Solomon Islands,Year,2020,TRUE,52039,52 039,EN,2022-02-09T18:30:00.000Z
MALARIA_PV_INDIG,Number of indigenous P. vivax malaria cases,numeric,WPR,Western Pacific,Country,VNM,Viet Nam,Year,2020,TRUE,573,573,EN,2022-02-09T18:30:00.000Z
MALARIA_PV_INDIG,Number of indigenous P. vivax malaria cases,numeric,AMR,Americas,Country,HND,Honduras,Year,2020,TRUE,576,576,EN,2022-02-09T18:30:00.000Z
MALARIA_PV_INDIG,Number of indigenous P. vivax malaria cases,numeric,SEAR,South-East Asia,Country,IND,India,Year,2020,TRUE,67444,67 444,EN,2022-02-09T18:30:00.000Z
MALARIA_PV_INDIG,Number of indigenous P. vivax malaria cases,numeric,SEAR,South-East Asia,Country,NPL,Nepal,Year,2020,TRUE,68,68,EN,2022-02-09T18:30:00.000Z
MALARIA_PV_INDIG,Number of indigenous P. vivax malaria cases,numeric,AFR,Africa,Country,ERI,Eritrea,Year,2020,TRUE,7119,7119,EN,2022-02-09T18:30:00.000Z
MALARIA_PV_INDIG,Number of indigenous P. vivax malaria cases,numeric,WPR,Western Pacific,Country,PHL,Philippines,Year,2020,TRUE,736,736,EN,2022-02-09T18:30:00.000Z
MALARIA_PV_INDIG,Number of indigenous P. vivax malaria cases,numeric,SEAR,South-East Asia,Country,IDN,Indonesia,Year,2020,TRUE,83743,83 743,EN,2022-02-09T18:30:00.000Z
MALARIA_PV_INDIG,Number of indigenous P. vivax malaria cases,numeric,AMR,Americas,Country,CRI,Costa Rica,Year,2020,TRUE,88,88,EN,2022-02-09T18:30:00.000Z
MALARIA_PV_INDIG,Number of indigenous P. vivax malaria cases,numeric,EUR,Europe,Country,ARM,Armenia,Year,2019,FALSE,0,0,EN,2022-02-09T18:30:00.000Z
MALARIA_PV_INDIG,Number of indigenous P. vivax malaria cases,numeric,EUR,Europe,Country,AZE,Azerbaijan,Year,2019,TRUE,0,0,EN,2022-02-09T18:30:00.000Z
MALARIA_PV_INDIG,Number of indigenous P. vivax malaria cases,numeric,AMR,Americas,Country,BLZ,Belize,Year,2019,FALSE,0,0,EN,2022-02-09T18:30:00.000Z
MALARIA_PV_INDIG,Number of indigenous P. vivax malaria cases,numeric,WPR,Western Pacific,Country,CHN,China,Year,2019,FALSE,0,0,EN,2022-02-09T18:30:00.000Z
MALARIA_PV_INDIG,Number of indigenous P. vivax malaria cases,numeric,AMR,Americas,Country,SLV,El Salvador,Year,2019,FALSE,0,0,EN,2022-02-09T18:30:00.000Z
MALARIA_PV_INDIG,Number of indigenous P. vivax malaria cases,numeric,EUR,Europe,Country,GEO,Georgia,Year,2019,FALSE,0,0,EN,2022-02-09T18:30:00.000Z
MALARIA_PV_INDIG,Number of indigenous P. vivax malaria cases,numeric,AMR,Americas,Country,HTI,Haiti,Year,2019,TRUE,0,0,EN,2022-02-09T18:30:00.000Z
MALARIA_PV_INDIG,Number of indigenous P. vivax malaria cases,numeric,EMR,Eastern Mediterranean,Country,IRN,Iran (Islamic Republic of),Year,2019,FALSE,0,0,EN,2022-02-09T18:30:00.000Z
MALARIA_PV_INDIG,Number of indigenous P. vivax malaria cases,numeric,EUR,Europe,Country,KGZ,Kyrgyzstan,Year,2019,FALSE,0,0,EN,2022-02-09T18:30:00.000Z
MALARIA_PV_INDIG,Number of indigenous P. vivax malaria cases,numeric,WPR,Western Pacific,Country,MYS,Malaysia,Year,2019,FALSE,0,0,EN,2022-02-09T18:30:00.000Z
MALARIA_PV_INDIG,Number of indigenous P. vivax malaria cases,numeric,SEAR,South-East Asia,Country,LKA,Sri Lanka,Year,2019,FALSE,0,0,EN,2022-02-09T18:30:00.000Z
MALARIA_PV_INDIG,Number of indigenous P. vivax malaria cases,numeric,EUR,Europe,Country,TJK,Tajikistan,Year,2019,FALSE,0,0,EN,2022-02-09T18:30:00.000Z
MALARIA_PV_INDIG,Number of indigenous P. vivax malaria cases,numeric,SEAR,South-East Asia,Country,TLS,Timor-Leste,Year,2019,FALSE,0,0,EN,2022-02-09T18:30:00.000Z
MALARIA_PV_INDIG,Number of indigenous P. vivax malaria cases,numeric,EUR,Europe,Country,UZB,Uzbekistan,Year,2019,FALSE,0,0,EN,2022-02-09T18:30:00.000Z
MALARIA_PV_INDIG,Number of indigenous P. vivax malaria cases,numeric,AFR,Africa,Country,ZWE,Zimbabwe,Year,2019,TRUE,0,0,EN,2022-02-09T18:30:00.000Z
MALARIA_PV_INDIG,Number of indigenous P. vivax malaria cases,numeric,AMR,Americas,Country,NIC,Nicaragua,Year,2019,FALSE,10679,10 679,EN,2022-02-09T18:30:00.000Z
MALARIA_PV_INDIG,Number of indigenous P. vivax malaria cases,numeric,AMR,Americas,Country,GUY,Guyana,Year,2019,FALSE,11940,11 940,EN,2022-02-09T18:30:00.000Z
MALARIA_PV_INDIG,Number of indigenous P. vivax malaria cases,numeric,SEAR,South-East Asia,Country,NPL,Nepal,Year,2019,FALSE,118,118,EN,2022-02-09T18:30:00.000Z
MALARIA_PV_INDIG,Number of indigenous P. vivax malaria cases,numeric,AMR,Americas,Country,PAN,Panama,Year,2019,FALSE,1196,1196,EN,2022-02-09T18:30:00.000Z
MALARIA_PV_INDIG,Number of indigenous P. vivax malaria cases,numeric,AFR,Africa,Country,TZA,United Republic of Tanzania,Year,2019,FALSE,12,12,EN,2022-02-09T18:30:00.000Z
MALARIA_PV_INDIG,Number of indigenous P. vivax malaria cases,numeric,EMR,Eastern Mediterranean,Country,DJI,Djibouti,Year,2019,FALSE,13377,13 377,EN,2022-02-09T18:30:00.000Z
MALARIA_PV_INDIG,Number of indigenous P. vivax malaria cases,numeric,AMR,Americas,Country,BRA,Brazil,Year,2019,FALSE,136949,136 949,EN,2022-02-09T18:30:00.000Z
MALARIA_PV_INDIG,Number of indigenous P. vivax malaria cases,numeric,AFR,Africa,Country,ERI,Eritrea,Year,2019,FALSE,15790,15 790,EN,2022-02-09T18:30:00.000Z
MALARIA_PV_INDIG,Number of indigenous P. vivax malaria cases,numeric,WPR,Western Pacific,Country,VNM,Viet Nam,Year,2019,FALSE,1514,1514,EN,2022-02-09T18:30:00.000Z
MALARIA_PV_INDIG,Number of indigenous P. vivax malaria cases,numeric,AMR,Americas,Country,ECU,Ecuador,Year,2019,FALSE,1592,1592,EN,2022-02-09T18:30:00.000Z
MALARIA_PV_INDIG,Number of indigenous P. vivax malaria cases,numeric,WPR,Western Pacific,Country,PNG,Papua New Guinea,Year,2019,FALSE,163237,163 237,EN,2022-02-09T18:30:00.000Z
MALARIA_PV_INDIG,Number of indigenous P. vivax malaria cases,numeric,AFR,Africa,Country,ETH,Ethiopia,Year,2019,FALSE,166340,166 340,EN,2022-02-09T18:30:00.000Z
MALARIA_PV_INDIG,Number of indigenous P. vivax malaria cases,numeric,EMR,Eastern Mediterranean,Country,AFG,Afghanistan,Year,2019,FALSE,170747,170 747,EN,2022-02-09T18:30:00.000Z
MALARIA_PV_INDIG,Number of indigenous P. vivax malaria cases,numeric,EMR,Eastern Mediterranean,Country,YEM,Yemen,Year,2019,FALSE,1802,1802,EN,2022-02-09T18:30:00.000Z
MALARIA_PV_INDIG,Number of indigenous P. vivax malaria cases,numeric,SEAR,South-East Asia,Country,IND,India,Year,2019,FALSE,181514,181 514,EN,2022-02-09T18:30:00.000Z
MALARIA_PV_INDIG,Number of indigenous P. vivax malaria cases,numeric,SEAR,South-East Asia,Country,PRK,Democratic People's Republic of Korea,Year,2019,FALSE,1869,1869,EN,2022-02-09T18:30:00.000Z
MALARIA_PV_INDIG,Number of indigenous P. vivax malaria cases,numeric,AMR,Americas,Country,PER,Peru,Year,2019,FALSE,19600,19 600,EN,2022-02-09T18:30:00.000Z
MALARIA_PV_INDIG,Number of indigenous P. vivax malaria cases,numeric,EMR,Eastern Mediterranean,Country,SDN,Sudan,Year,2019,FALSE,194904,194 904,EN,2022-02-09T18:30:00.000Z
MALARIA_PV_INDIG,Number of indigenous P. vivax malaria cases,numeric,SEAR,South-East Asia,Country,BTN,Bhutan,Year,2019,FALSE,2,2,EN,2022-02-09T18:30:00.000Z
MALARIA_PV_INDIG,Number of indigenous P. vivax malaria cases,numeric,AMR,Americas,Country,GTM,Guatemala,Year,2019,FALSE,2069,2069,EN,2022-02-09T18:30:00.000Z
MALARIA_PV_INDIG,Number of indigenous P. vivax malaria cases,numeric,SEAR,South-East Asia,Country,BGD,Bangladesh,Year,2019,FALSE,2126,2126,EN,2022-02-09T18:30:00.000Z
MALARIA_PV_INDIG,Number of indigenous P. vivax malaria cases,numeric,WPR,Western Pacific,Country,KHM,Cambodia,Year,2019,FALSE,26871,26 871,EN,2022-02-09T18:30:00.000Z
MALARIA_PV_INDIG,Number of indigenous P. vivax malaria cases,numeric,SEAR,South-East Asia,Country,THA,Thailand,Year,2019,FALSE,2752,2752,EN,2022-02-09T18:30:00.000Z
MALARIA_PV_INDIG,Number of indigenous P. vivax malaria cases,numeric,EMR,Eastern Mediterranean,Country,SOM,Somalia,Year,2019,TRUE,2921,2921,EN,2022-02-09T18:30:00.000Z
MALARIA_PV_INDIG,Number of indigenous P. vivax malaria cases,numeric,AMR,Americas,Country,VEN,Venezuela (Bolivarian Republic of),Year,2019,FALSE,308132,308 132,EN,2022-02-09T18:30:00.000Z
MALARIA_PV_INDIG,Number of indigenous P. vivax malaria cases,numeric,AMR,Americas,Country,HND,Honduras,Year,2019,FALSE,319,319,EN,2022-02-09T18:30:00.000Z
MALARIA_PV_INDIG,Number of indigenous P. vivax malaria cases,numeric,SEAR,South-East Asia,Country,MMR,Myanmar,Year,2019,FALSE,32788,32 788,EN,2022-02-09T18:30:00.000Z
MALARIA_PV_INDIG,Number of indigenous P. vivax malaria cases,numeric,EMR,Eastern Mediterranean,Country,PAK,Pakistan,Year,2019,FALSE,323355,323 355,EN,2022-02-09T18:30:00.000Z
MALARIA_PV_INDIG,Number of indigenous P. vivax malaria cases,numeric,AMR,Americas,Country,COL,Colombia,Year,2019,FALSE,37197,37 197,EN,2022-02-09T18:30:00.000Z
MALARIA_PV_INDIG,Number of indigenous P. vivax malaria cases,numeric,WPR,Western Pacific,Country,LAO,Lao People's Democratic Republic,Year,2019,FALSE,4445,4445,EN,2022-02-09T18:30:00.000Z
MALARIA_PV_INDIG,Number of indigenous P. vivax malaria cases,numeric,WPR,Western Pacific,Country,SLB,Solomon Islands,Year,2019,FALSE,47164,47 164,EN,2022-02-09T18:30:00.000Z
MALARIA_PV_INDIG,Number of indigenous P. vivax malaria cases,numeric,WPR,Western Pacific,Country,KOR,Republic of Korea,Year,2019,FALSE,485,485,EN,2022-02-09T18:30:00.000Z
MALARIA_PV_INDIG,Number of indigenous P. vivax malaria cases,numeric,WPR,Western Pacific,Country,VUT,Vanuatu,Year,2019,FALSE,531,531,EN,2022-02-09T18:30:00.000Z
MALARIA_PV_INDIG,Number of indigenous P. vivax malaria cases,numeric,WPR,Western Pacific,Country,PHL,Philippines,Year,2019,FALSE,537,537,EN,2022-02-09T18:30:00.000Z
MALARIA_PV_INDIG,Number of indigenous P. vivax malaria cases,numeric,AFR,Africa,Country,NAM,Namibia,Year,2019,TRUE,6,6,EN,2022-02-09T18:30:00.000Z
MALARIA_PV_INDIG,Number of indigenous P. vivax malaria cases,numeric,AMR,Americas,Country,MEX,Mexico,Year,2019,FALSE,618,618,EN,2022-02-09T18:30:00.000Z
MALARIA_PV_INDIG,Number of indigenous P. vivax malaria cases,numeric,SEAR,South-East Asia,Country,IDN,Indonesia,Year,2019,FALSE,86742,86 742,EN,2022-02-09T18:30:00.000Z
MALARIA_PV_INDIG,Number of indigenous P. vivax malaria cases,numeric,AMR,Americas,Country,CRI,Costa Rica,Year,2019,FALSE,87,87,EN,2022-02-09T18:30:00.000Z
MALARIA_PV_INDIG,Number of indigenous P. vivax malaria cases,numeric,AMR,Americas,Country,BOL,Bolivia (Plurinational State of),Year,2019,FALSE,9299,9299,EN,2022-02-09T18:30:00.000Z
MALARIA_PV_INDIG,Number of indigenous P. vivax malaria cases,numeric,AMR,Americas,Country,SUR,Suriname,Year,2019,FALSE,95,95,EN,2022-02-09T18:30:00.000Z
MALARIA_PV_INDIG,Number of indigenous P. vivax malaria cases,numeric,EUR,Europe,Country,ARM,Armenia,Year,2018,FALSE,0,0,EN,2022-02-09T18:30:00.000Z
MALARIA_PV_INDIG,Number of indigenous P. vivax malaria cases,numeric,EUR,Europe,Country,AZE,Azerbaijan,Year,2018,FALSE,0,0,EN,2022-02-09T18:30:00.000Z
MALARIA_PV_INDIG,Number of indigenous P. vivax malaria cases,numeric,WPR,Western Pacific,Country,CHN,China,Year,2018,FALSE,0,0,EN,2022-02-09T18:30:00.000Z
MALARIA_PV_INDIG,Number of indigenous P. vivax malaria cases,numeric,AMR,Americas,Country,SLV,El Salvador,Year,2018,FALSE,0,0,EN,2022-02-09T18:30:00.000Z
MALARIA_PV_INDIG,Number of indigenous P. vivax malaria cases,numeric,EUR,Europe,Country,GEO,Georgia,Year,2018,FALSE,0,0,EN,2022-02-09T18:30:00.000Z
MALARIA_PV_INDIG,Number of indigenous P. vivax malaria cases,numeric,AMR,Americas,Country,HTI,Haiti,Year,2018,FALSE,0,0,EN,2022-02-09T18:30:00.000Z
MALARIA_PV_INDIG,Number of indigenous P. vivax malaria cases,numeric,EMR,Eastern Mediterranean,Country,IRN,Iran (Islamic Republic of),Year,2018,FALSE,0,0,EN,2022-02-09T18:30:00.000Z
MALARIA_PV_INDIG,Number of indigenous P. vivax malaria cases,numeric,EUR,Europe,Country,KGZ,Kyrgyzstan,Year,2018,FALSE,0,0,EN,2022-02-09T18:30:00.000Z
MALARIA_PV_INDIG,Number of indigenous P. vivax malaria cases,numeric,WPR,Western Pacific,Country,MYS,Malaysia,Year,2018,FALSE,0,0,EN,2022-02-09T18:30:00.000Z
MALARIA_PV_INDIG,Number of indigenous P. vivax malaria cases,numeric,SEAR,South-East Asia,Country,LKA,Sri Lanka,Year,2018,FALSE,0,0,EN,2022-02-09T18:30:00.000Z
MALARIA_PV_INDIG,Number of indigenous P. vivax malaria cases,numeric,EUR,Europe,Country,TJK,Tajikistan,Year,2018,FALSE,0,0,EN,2022-02-09T18:30:00.000Z
MALARIA_PV_INDIG,Number of indigenous P. vivax malaria cases,numeric,SEAR,South-East Asia,Country,TLS,Timor-Leste,Year,2018,FALSE,0,0,EN,2022-02-09T18:30:00.000Z
MALARIA_PV_INDIG,Number of indigenous P. vivax malaria cases,numeric,EUR,Europe,Country,TKM,Turkmenistan,Year,2018,TRUE,0,0,EN,2022-02-09T18:30:00.000Z
MALARIA_PV_INDIG,Number of indigenous P. vivax malaria cases,numeric,EUR,Europe,Country,UZB,Uzbekistan,Year,2018,FALSE,0,0,EN,2022-02-09T18:30:00.000Z
MALARIA_PV_INDIG,Number of indigenous P. vivax malaria cases,numeric,AFR,Africa,Country,ZWE,Zimbabwe,Year,2018,FALSE,0,0,EN,2022-02-09T18:30:00.000Z
MALARIA_PV_INDIG,Number of indigenous P. vivax malaria cases,numeric,AFR,Africa,Country,ETH,Ethiopia,Year,2018,FALSE,102412,102 412,EN,2022-02-09T18:30:00.000Z
MALARIA_PV_INDIG,Number of indigenous P. vivax malaria cases,numeric,WPR,Western Pacific,Country,PHL,Philippines,Year,2018,FALSE,116,116,EN,2022-02-09T18:30:00.000Z
MALARIA_PV_INDIG,Number of indigenous P. vivax malaria cases,numeric,WPR,Western Pacific,Country,PNG,Papua New Guinea,Year,2018,FALSE,138006,138 006,EN,2022-02-09T18:30:00.000Z
MALARIA_PV_INDIG,Number of indigenous P. vivax malaria cases,numeric,AMR,Americas,Country,NIC,Nicaragua,Year,2018,FALSE,14553,14 553,EN,2022-02-09T18:30:00.000Z
MALARIA_PV_INDIG,Number of indigenous P. vivax malaria cases,numeric,EMR,Eastern Mediterranean,Country,SDN,Sudan,Year,2018,FALSE,143314,143 314,EN,2022-02-09T18:30:00.000Z
MALARIA_PV_INDIG,Number of indigenous P. vivax malaria cases,numeric,AMR,Americas,Country,ECU,Ecuador,Year,2018,FALSE,1504,1504,EN,2022-02-09T18:30:00.000Z
MALARIA_PV_INDIG,Number of indigenous P. vivax malaria cases,numeric,EMR,Eastern Mediterranean,Country,AFG,Afghanistan,Year,2018,FALSE,166583,166 583,EN,2022-02-09T18:30:00.000Z
MALARIA_PV_INDIG,Number of indigenous P. vivax malaria cases,numeric,SEAR,South-East Asia,Country,BGD,Bangladesh,Year,2018,FALSE,1672,1672,EN,2022-02-09T18:30:00.000Z
MALARIA_PV_INDIG,Number of indigenous P. vivax malaria cases,numeric,AMR,Americas,Country,BRA,Brazil,Year,2018,FALSE,168552,168 552,EN,2022-02-09T18:30:00.000Z
MALARIA_PV_INDIG,Number of indigenous P. vivax malaria cases,numeric,WPR,Western Pacific,Country,VNM,Viet Nam,Year,2018,FALSE,1751,1751,EN,2022-02-09T18:30:00.000Z
MALARIA_PV_INDIG,Number of indigenous P. vivax malaria cases,numeric,AMR,Americas,Country,COL,Colombia,Year,2018,FALSE,18106,18 106,EN,2022-02-09T18:30:00.000Z
MALARIA_PV_INDIG,Number of indigenous P. vivax malaria cases,numeric,AMR,Americas,Country,BLZ,Belize,Year,2018,FALSE,2,2,EN,2022-02-09T18:30:00.000Z
MALARIA_PV_INDIG,Number of indigenous P. vivax malaria cases,numeric,SEAR,South-East Asia,Country,IND,India,Year,2018,FALSE,222730,222 730,EN,2022-02-09T18:30:00.000Z
MALARIA_PV_INDIG,Number of indigenous P. vivax malaria cases,numeric,AMR,Americas,Country,SUR,Suriname,Year,2018,FALSE,23,23,EN,2022-02-09T18:30:00.000Z
MALARIA_PV_INDIG,Number of indigenous P. vivax malaria cases,numeric,WPR,Western Pacific,Country,KHM,Cambodia,Year,2018,FALSE,30680,30 680,EN,2022-02-09T18:30:00.000Z
MALARIA_PV_INDIG,Number of indigenous P. vivax malaria cases,numeric,AMR,Americas,Country,GTM,Guatemala,Year,2018,FALSE,3018,3018,EN,2022-02-09T18:30:00.000Z
MALARIA_PV_INDIG,Number of indigenous P. vivax malaria cases,numeric,AMR,Americas,Country,VEN,Venezuela (Bolivarian Republic of),Year,2018,FALSE,307622,307 622,EN,2022-02-09T18:30:00.000Z
MALARIA_PV_INDIG,Number of indigenous P. vivax malaria cases,numeric,EMR,Eastern Mediterranean,Country,PAK,Pakistan,Year,2018,FALSE,314572,314 572,EN,2022-02-09T18:30:00.000Z
MALARIA_PV_INDIG,Number of indigenous P. vivax malaria cases,numeric,WPR,Western Pacific,Country,SLB,Solomon Islands,Year,2018,FALSE,35072,35 072,EN,2022-02-09T18:30:00.000Z
MALARIA_PV_INDIG,Number of indigenous P. vivax malaria cases,numeric,SEAR,South-East Asia,Country,THA,Thailand,Year,2018,FALSE,3575,3575,EN,2022-02-09T18:30:00.000Z
MALARIA_PV_INDIG,Number of indigenous P. vivax malaria cases,numeric,AMR,Americas,Country,PER,Peru,Year,2018,FALSE,36005,36 005,EN,2022-02-09T18:30:00.000Z
MALARIA_PV_INDIG,Number of indigenous P. vivax malaria cases,numeric,SEAR,South-East Asia,Country,MMR,Myanmar,Year,2018,FALSE,36502,36 502,EN,2022-02-09T18:30:00.000Z
MALARIA_PV_INDIG,Number of indigenous P. vivax malaria cases,numeric,SEAR,South-East Asia,Country,PRK,Democratic People's Republic of Korea,Year,2018,FALSE,3698,3698,EN,2022-02-09T18:30:00.000Z
MALARIA_PV_INDIG,Number of indigenous P. vivax malaria cases,numeric,EMR,Eastern Mediterranean,Country,SAU,Saudi Arabia,Year,2018,TRUE,4,4,EN,2022-02-09T18:30:00.000Z
MALARIA_PV_INDIG,Number of indigenous P. vivax malaria cases,numeric,WPR,Western Pacific,Country,LAO,Lao People's Democratic Republic,Year,2018,FALSE,4099,4099,EN,2022-02-09T18:30:00.000Z
MALARIA_PV_INDIG,Number of indigenous P. vivax malaria cases,numeric,SEAR,South-East Asia,Country,NPL,Nepal,Year,2018,FALSE,488,488,EN,2022-02-09T18:30:00.000Z
MALARIA_PV_INDIG,Number of indigenous P. vivax malaria cases,numeric,SEAR,South-East Asia,Country,BTN,Bhutan,Year,2018,FALSE,5,5,EN,2022-02-09T18:30:00.000Z
MALARIA_PV_INDIG,Number of indigenous P. vivax malaria cases,numeric,WPR,Western Pacific,Country,KOR,Republic of Korea,Year,2018,FALSE,501,501,EN,2022-02-09T18:30:00.000Z
MALARIA_PV_INDIG,Number of indigenous P. vivax malaria cases,numeric,AMR,Americas,Country,BOL,Bolivia (Plurinational State of),Year,2018,FALSE,5342,5342,EN,2022-02-09T18:30:00.000Z
MALARIA_PV_INDIG,Number of indigenous P. vivax malaria cases,numeric,AMR,Americas,Country,HND,Honduras,Year,2018,FALSE,576,576,EN,2022-02-09T18:30:00.000Z
MALARIA_PV_INDIG,Number of indigenous P. vivax malaria cases,numeric,WPR,Western Pacific,Country,VUT,Vanuatu,Year,2018,FALSE,590,590,EN,2022-02-09T18:30:00.000Z
MALARIA_PV_INDIG,Number of indigenous P. vivax malaria cases,numeric,AMR,Americas,Country,CRI,Costa Rica,Year,2018,FALSE,61,61,EN,2022-02-09T18:30:00.000Z
MALARIA_PV_INDIG,Number of indigenous P. vivax malaria cases,numeric,AFR,Africa,Country,ERI,Eritrea,Year,2018,FALSE,6108,6108,EN,2022-02-09T18:30:00.000Z
MALARIA_PV_INDIG,Number of indigenous P. vivax malaria cases,numeric,AMR,Americas,Country,PAN,Panama,Year,2018,FALSE,684,684,EN,2022-02-09T18:30:00.000Z
MALARIA_PV_INDIG,Number of indigenous P. vivax malaria cases,numeric,SEAR,South-East Asia,Country,IDN,Indonesia,Year,2018,FALSE,70867,70 867,EN,2022-02-09T18:30:00.000Z
MALARIA_PV_INDIG,Number of indigenous P. vivax malaria cases,numeric,AMR,Americas,Country,MEX,Mexico,Year,2018,FALSE,803,803,EN,2022-02-09T18:30:00.000Z
MALARIA_PV_INDIG,Number of indigenous P. vivax malaria cases,numeric,EMR,Eastern Mediterranean,Country,DJI,Djibouti,Year,2018,FALSE,9189,9189,EN,2022-02-09T18:30:00.000Z
MALARIA_PV_INDIG,Number of indigenous P. vivax malaria cases,numeric,EMR,Eastern Mediterranean,Country,YEM,Yemen,Year,2018,FALSE,970,970,EN,2022-02-09T18:30:00.000Z
MALARIA_PV_INDIG,Number of indigenous P. vivax malaria cases,numeric,AMR,Americas,Country,GUY,Guyana,Year,2018,FALSE,9854,9854,EN,2022-02-09T18:30:00.000Z
MALARIA_PV_INDIG,Number of indigenous P. vivax malaria cases,numeric,EUR,Europe,Country,ARM,Armenia,Year,2017,FALSE,0,0,EN,2022-02-09T18:30:00.000Z
MALARIA_PV_INDIG,Number of indigenous P. vivax malaria cases,numeric,EUR,Europe,Country,AZE,Azerbaijan,Year,2017,FALSE,0,0,EN,2022-02-09T18:30:00.000Z
MALARIA_PV_INDIG,Number of indigenous P. vivax malaria cases,numeric,WPR,Western Pacific,Country,CHN,China,Year,2017,FALSE,0,0,EN,2022-02-09T18:30:00.000Z
MALARIA_PV_INDIG,Number of indigenous P. vivax malaria cases,numeric,AMR,Americas,Country,SLV,El Salvador,Year,2017,FALSE,0,0,EN,2022-02-09T18:30:00.000Z
MALARIA_PV_INDIG,Number of indigenous P. vivax malaria cases,numeric,EUR,Europe,Country,GEO,Georgia,Year,2017,FALSE,0,0,EN,2022-02-09T18:30:00.000Z
MALARIA_PV_INDIG,Number of indigenous P. vivax malaria cases,numeric,AMR,Americas,Country,HTI,Haiti,Year,2017,FALSE,0,0,EN,2022-02-09T18:30:00.000Z
MALARIA_PV_INDIG,Number of indigenous P. vivax malaria cases,numeric,EUR,Europe,Country,KGZ,Kyrgyzstan,Year,2017,FALSE,0,0,EN,2022-02-09T18:30:00.000Z
MALARIA_PV_INDIG,Number of indigenous P. vivax malaria cases,numeric,SEAR,South-East Asia,Country,LKA,Sri Lanka,Year,2017,FALSE,0,0,EN,2022-02-09T18:30:00.000Z
MALARIA_PV_INDIG,Number of indigenous P. vivax malaria cases,numeric,EUR,Europe,Country,TJK,Tajikistan,Year,2017,FALSE,0,0,EN,2022-02-09T18:30:00.000Z
MALARIA_PV_INDIG,Number of indigenous P. vivax malaria cases,numeric,EUR,Europe,Country,TUR,Türkiye,Year,2017,TRUE,0,0,EN,2022-02-09T18:30:00.000Z
MALARIA_PV_INDIG,Number of indigenous P. vivax malaria cases,numeric,EUR,Europe,Country,TKM,Turkmenistan,Year,2017,FALSE,0,0,EN,2022-02-09T18:30:00.000Z
MALARIA_PV_INDIG,Number of indigenous P. vivax malaria cases,numeric,EUR,Europe,Country,UZB,Uzbekistan,Year,2017,FALSE,0,0,EN,2022-02-09T18:30:00.000Z
MALARIA_PV_INDIG,Number of indigenous P. vivax malaria cases,numeric,AFR,Africa,Country,ZWE,Zimbabwe,Year,2017,FALSE,0,0,EN,2022-02-09T18:30:00.000Z
MALARIA_PV_INDIG,Number of indigenous P. vivax malaria cases,numeric,SEAR,South-East Asia,Country,BTN,Bhutan,Year,2017,FALSE,11,11,EN,2022-02-09T18:30:00.000Z
MALARIA_PV_INDIG,Number of indigenous P. vivax malaria cases,numeric,WPR,Western Pacific,Country,PNG,Papua New Guinea,Year,2017,FALSE,113561,113 561,EN,2022-02-09T18:30:00.000Z
MALARIA_PV_INDIG,Number of indigenous P. vivax malaria cases,numeric,AMR,Americas,Country,HND,Honduras,Year,2017,FALSE,1145,1145,EN,2022-02-09T18:30:00.000Z
MALARIA_PV_INDIG,Number of indigenous P. vivax malaria cases,numeric,AMR,Americas,Country,CRI,Costa Rica,Year,2017,FALSE,12,12,EN,2022-02-09T18:30:00.000Z
MALARIA_PV_INDIG,Number of indigenous P. vivax malaria cases,numeric,WPR,Western Pacific,Country,KHM,Cambodia,Year,2017,FALSE,15207,15 207,EN,2022-02-09T18:30:00.000Z
MALARIA_PV_INDIG,Number of indigenous P. vivax malaria cases,numeric,EMR,Eastern Mediterranean,Country,AFG,Afghanistan,Year,2017,FALSE,154468,154 468,EN,2022-02-09T18:30:00.000Z
MALARIA_PV_INDIG,Number of indigenous P. vivax malaria cases,numeric,WPR,Western Pacific,Country,VNM,Viet Nam,Year,2017,FALSE,1608,1608,EN,2022-02-09T18:30:00.000Z
MALARIA_PV_INDIG,Number of indigenous P. vivax malaria cases,numeric,AMR,Americas,Country,BRA,Brazil,Year,2017,FALSE,169887,169 887,EN,2022-02-09T18:30:00.000Z
MALARIA_PV_INDIG,Number of indigenous P. vivax malaria cases,numeric,AMR,Americas,Country,SUR,Suriname,Year,2017,FALSE,17,17,EN,2022-02-09T18:30:00.000Z
MALARIA_PV_INDIG,Number of indigenous P. vivax malaria cases,numeric,EMR,Eastern Mediterranean,Country,YEM,Yemen,Year,2017,FALSE,1833,1833,EN,2022-02-09T18:30:00.000Z
MALARIA_PV_INDIG,Number of indigenous P. vivax malaria cases,numeric,AMR,Americas,Country,COL,Colombia,Year,2017,FALSE,22132,22 132,EN,2022-02-09T18:30:00.000Z
MALARIA_PV_INDIG,Number of indigenous P. vivax malaria cases,numeric,SEAR,South-East Asia,Country,TLS,Timor-Leste,Year,2017,FALSE,3,3,EN,2022-02-09T18:30:00.000Z
MALARIA_PV_INDIG,Number of indigenous P. vivax malaria cases,numeric,WPR,Western Pacific,Country,SLB,Solomon Islands,Year,2017,FALSE,30169,30 169,EN,2022-02-09T18:30:00.000Z
MALARIA_PV_INDIG,Number of indigenous P. vivax malaria cases,numeric,EMR,Eastern Mediterranean,Country,PAK,Pakistan,Year,2017,FALSE,300623,300 623,EN,2022-02-09T18:30:00.000Z
MALARIA_PV_INDIG,Number of indigenous P. vivax malaria cases,numeric,SEAR,South-East Asia,Country,IND,India,Year,2017,FALSE,315028,315 028,EN,2022-02-09T18:30:00.000Z
MALARIA_PV_INDIG,Number of indigenous P. vivax malaria cases,numeric,AMR,Americas,Country,VEN,Venezuela (Bolivarian Republic of),Year,2017,FALSE,316401,316 401,EN,2022-02-09T18:30:00.000Z
MALARIA_PV_INDIG,Number of indigenous P. vivax malaria cases,numeric,SEAR,South-East Asia,Country,MMR,Myanmar,Year,2017,FALSE,32070,32 070,EN,2022-02-09T18:30:00.000Z
MALARIA_PV_INDIG,Number of indigenous P. vivax malaria cases,numeric,AMR,Americas,Country,GTM,Guatemala,Year,2017,FALSE,3744,3744,EN,2022-02-09T18:30:00.000Z
MALARIA_PV_INDIG,Number of indigenous P. vivax malaria cases,numeric,WPR,Western Pacific,Country,LAO,Lao People's Democratic Republic,Year,2017,FALSE,4104,4104,EN,2022-02-09T18:30:00.000Z
MALARIA_PV_INDIG,Number of indigenous P. vivax malaria cases,numeric,AMR,Americas,Country,PER,Peru,Year,2017,FALSE,42044,42 044,EN,2022-02-09T18:30:00.000Z
MALARIA_PV_INDIG,Number of indigenous P. vivax malaria cases,numeric,WPR,Western Pacific,Country,KOR,Republic of Korea,Year,2017,FALSE,436,436,EN,2022-02-09T18:30:00.000Z
MALARIA_PV_INDIG,Number of indigenous P. vivax malaria cases,numeric,SEAR,South-East Asia,Country,BGD,Bangladesh,Year,2017,FALSE,4442,4442,EN,2022-02-09T18:30:00.000Z
MALARIA_PV_INDIG,Number of indigenous P. vivax malaria cases,numeric,AMR,Americas,Country,BOL,Bolivia (Plurinational State of),Year,2017,FALSE,4572,4572,EN,2022-02-09T18:30:00.000Z
MALARIA_PV_INDIG,Number of indigenous P. vivax malaria cases,numeric,SEAR,South-East Asia,Country,PRK,Democratic People's Republic of Korea,Year,2017,FALSE,4603,4603,EN,2022-02-09T18:30:00.000Z
MALARIA_PV_INDIG,Number of indigenous P. vivax malaria cases,numeric,AFR,Africa,Country,ETH,Ethiopia,Year,2017,FALSE,470892,470 892,EN,2022-02-09T18:30:00.000Z
MALARIA_PV_INDIG,Number of indigenous P. vivax malaria cases,numeric,SEAR,South-East Asia,Country,THA,Thailand,Year,2017,FALSE,4802,4802,EN,2022-02-09T18:30:00.000Z
MALARIA_PV_INDIG,Number of indigenous P. vivax malaria cases,numeric,AMR,Americas,Country,BLZ,Belize,Year,2017,FALSE,5,5,EN,2022-02-09T18:30:00.000Z
MALARIA_PV_INDIG,Number of indigenous P. vivax malaria cases,numeric,EMR,Eastern Mediterranean,Country,SAU,Saudi Arabia,Year,2017,FALSE,5,5,EN,2022-02-09T18:30:00.000Z
MALARIA_PV_INDIG,Number of indigenous P. vivax malaria cases,numeric,WPR,Western Pacific,Country,PHL,Philippines,Year,2017,FALSE,528,528,EN,2022-02-09T18:30:00.000Z
MALARIA_PV_INDIG,Number of indigenous P. vivax malaria cases,numeric,EMR,Eastern Mediterranean,Country,DJI,Djibouti,Year,2017,FALSE,5381,5381,EN,2022-02-09T18:30:00.000Z
MALARIA_PV_INDIG,Number of indigenous P. vivax malaria cases,numeric,EMR,Eastern Mediterranean,Country,IRN,Iran (Islamic Republic of),Year,2017,FALSE,55,55,EN,2022-02-09T18:30:00.000Z
MALARIA_PV_INDIG,Number of indigenous P. vivax malaria cases,numeric,EMR,Eastern Mediterranean,Country,SDN,Sudan,Year,2017,FALSE,58335,58 335,EN,2022-02-09T18:30:00.000Z
MALARIA_PV_INDIG,Number of indigenous P. vivax malaria cases,numeric,SEAR,South-East Asia,Country,NPL,Nepal,Year,2017,FALSE,587,587,EN,2022-02-09T18:30:00.000Z
MALARIA_PV_INDIG,Number of indigenous P. vivax malaria cases,numeric,WPR,Western Pacific,Country,MYS,Malaysia,Year,2017,FALSE,59,59,EN,2022-02-09T18:30:00.000Z
MALARIA_PV_INDIG,Number of indigenous P. vivax malaria cases,numeric,AMR,Americas,Country,PAN,Panama,Year,2017,FALSE,648,648,EN,2022-02-09T18:30:00.000Z
MALARIA_PV_INDIG,Number of indigenous P. vivax malaria cases,numeric,AMR,Americas,Country,MEX,Mexico,Year,2017,FALSE,736,736,EN,2022-02-09T18:30:00.000Z
MALARIA_PV_INDIG,Number of indigenous P. vivax malaria cases,numeric,AMR,Americas,Country,GUY,Guyana,Year,2017,FALSE,7645,7645,EN,2022-02-09T18:30:00.000Z
MALARIA_PV_INDIG,Number of indigenous P. vivax malaria cases,numeric,WPR,Western Pacific,Country,VUT,Vanuatu,Year,2017,FALSE,798,798,EN,2022-02-09T18:30:00.000Z
MALARIA_PV_INDIG,Number of indigenous P. vivax malaria cases,numeric,AMR,Americas,Country,NIC,Nicaragua,Year,2017,FALSE,9080,9080,EN,2022-02-09T18:30:00.000Z
MALARIA_PV_INDIG,Number of indigenous P. vivax malaria cases,numeric,AFR,Africa,Country,ERI,Eritrea,Year,2017,FALSE,9185,9185,EN,2022-02-09T18:30:00.000Z
MALARIA_PV_INDIG,Number of indigenous P. vivax malaria cases,numeric,SEAR,South-East Asia,Country,IDN,Indonesia,Year,2017,FALSE,95694,95 694,EN,2022-02-09T18:30:00.000Z
MALARIA_PV_INDIG,Number of indigenous P. vivax malaria cases,numeric,AMR,Americas,Country,ECU,Ecuador,Year,2017,FALSE,963,963,EN,2022-02-09T18:30:00.000Z
MALARIA_PV_INDIG,Number of indigenous P. vivax malaria cases,numeric,EUR,Europe,Country,ARM,Armenia,Year,2016,FALSE,0,0,EN,2022-02-09T18:30:00.000Z
MALARIA_PV_INDIG,Number of indigenous P. vivax malaria cases,numeric,EUR,Europe,Country,AZE,Azerbaijan,Year,2016,FALSE,0,0,EN,2022-02-09T18:30:00.000Z
MALARIA_PV_INDIG,Number of indigenous P. vivax malaria cases,numeric,EUR,Europe,Country,GEO,Georgia,Year,2016,FALSE,0,0,EN,2022-02-09T18:30:00.000Z
MALARIA_PV_INDIG,Number of indigenous P. vivax malaria cases,numeric,AMR,Americas,Country,HTI,Haiti,Year,2016,FALSE,0,0,EN,2022-02-09T18:30:00.000Z
MALARIA_PV_INDIG,Number of indigenous P. vivax malaria cases,numeric,EUR,Europe,Country,KGZ,Kyrgyzstan,Year,2016,FALSE,0,0,EN,2022-02-09T18:30:00.000Z
MALARIA_PV_INDIG,Number of indigenous P. vivax malaria cases,numeric,SEAR,South-East Asia,Country,LKA,Sri Lanka,Year,2016,FALSE,0,0,EN,2022-02-09T18:30:00.000Z
MALARIA_PV_INDIG,Number of indigenous P. vivax malaria cases,numeric,EUR,Europe,Country,TJK,Tajikistan,Year,2016,FALSE,0,0,EN,2022-02-09T18:30:00.000Z
MALARIA_PV_INDIG,Number of indigenous P. vivax malaria cases,numeric,EUR,Europe,Country,TUR,Türkiye,Year,2016,FALSE,0,0,EN,2022-02-09T18:30:00.000Z
MALARIA_PV_INDIG,Number of indigenous P. vivax malaria cases,numeric,EUR,Europe,Country,TKM,Turkmenistan,Year,2016,FALSE,0,0,EN,2022-02-09T18:30:00.000Z
MALARIA_PV_INDIG,Number of indigenous P. vivax malaria cases,numeric,EUR,Europe,Country,UZB,Uzbekistan,Year,2016,FALSE,0,0,EN,2022-02-09T18:30:00.000Z
MALARIA_PV_INDIG,Number of indigenous P. vivax malaria cases,numeric,AFR,Africa,Country,ZWE,Zimbabwe,Year,2016,FALSE,0,0,EN,2022-02-09T18:30:00.000Z
MALARIA_PV_INDIG,Number of indigenous P. vivax malaria cases,numeric,WPR,Western Pacific,Country,CHN,China,Year,2016,FALSE,1,1,EN,2022-02-09T18:30:00.000Z
MALARIA_PV_INDIG,Number of indigenous P. vivax malaria cases,numeric,AMR,Americas,Country,BRA,Brazil,Year,2016,FALSE,110340,110 340,EN,2022-02-09T18:30:00.000Z
MALARIA_PV_INDIG,Number of indigenous P. vivax malaria cases,numeric,AMR,Americas,Country,SLV,El Salvador,Year,2016,FALSE,12,12,EN,2022-02-09T18:30:00.000Z
MALARIA_PV_INDIG,Number of indigenous P. vivax malaria cases,numeric,SEAR,South-East Asia,Country,BTN,Bhutan,Year,2016,FALSE,13,13,EN,2022-02-09T18:30:00.000Z
MALARIA_PV_INDIG,Number of indigenous P. vivax malaria cases,numeric,EMR,Eastern Mediterranean,Country,AFG,Afghanistan,Year,2016,FALSE,132407,132 407,EN,2022-02-09T18:30:00.000Z
MALARIA_PV_INDIG,Number of indigenous P. vivax malaria cases,numeric,WPR,Western Pacific,Country,VUT,Vanuatu,Year,2016,FALSE,1682,1682,EN,2022-02-09T18:30:00.000Z
MALARIA_PV_INDIG,Number of indigenous P. vivax malaria cases,numeric,WPR,Western Pacific,Country,VNM,Viet Nam,Year,2016,FALSE,1750,1750,EN,2022-02-09T18:30:00.000Z
MALARIA_PV_INDIG,Number of indigenous P. vivax malaria cases,numeric,WPR,Western Pacific,Country,MYS,Malaysia,Year,2016,FALSE,178,178,EN,2022-02-09T18:30:00.000Z
MALARIA_PV_INDIG,Number of indigenous P. vivax malaria cases,numeric,AMR,Americas,Country,VEN,Venezuela (Bolivarian Republic of),Year,2016,FALSE,179554,179 554,EN,2022-02-09T18:30:00.000Z
MALARIA_PV_INDIG,Number of indigenous P. vivax malaria cases,numeric,EMR,Eastern Mediterranean,Country,SAU,Saudi Arabia,Year,2016,FALSE,2,2,EN,2022-02-09T18:30:00.000Z
MALARIA_PV_INDIG,Number of indigenous P. vivax malaria cases,numeric,EMR,Eastern Mediterranean,Country,DJI,Djibouti,Year,2016,FALSE,2041,2041,EN,2022-02-09T18:30:00.000Z
MALARIA_PV_INDIG,Number of indigenous P. vivax malaria cases,numeric,EMR,Eastern Mediterranean,Country,PAK,Pakistan,Year,2016,FALSE,257962,257 962,EN,2022-02-09T18:30:00.000Z
MALARIA_PV_INDIG,Number of indigenous P. vivax malaria cases,numeric,AMR,Americas,Country,HND,Honduras,Year,2016,FALSE,2744,2744,EN,2022-02-09T18:30:00.000Z
MALARIA_PV_INDIG,Number of indigenous P. vivax malaria cases,numeric,AFR,Africa,Country,ERI,Eritrea,Year,2016,FALSE,2999,2999,EN,2022-02-09T18:30:00.000Z
MALARIA_PV_INDIG,Number of indigenous P. vivax malaria cases,numeric,AMR,Americas,Country,COL,Colombia,Year,2016,FALSE,32635,32 635,EN,2022-02-09T18:30:00.000Z
MALARIA_PV_INDIG,Number of indigenous P. vivax malaria cases,numeric,SEAR,South-East Asia,Country,BGD,Bangladesh,Year,2016,FALSE,3297,3297,EN,2022-02-09T18:30:00.000Z
MALARIA_PV_INDIG,Number of indigenous P. vivax malaria cases,numeric,WPR,Western Pacific,Country,SLB,Solomon Islands,Year,2016,FALSE,33060,33 060,EN,2022-02-09T18:30:00.000Z
MALARIA_PV_INDIG,Number of indigenous P. vivax malaria cases,numeric,EMR,Eastern Mediterranean,Country,YEM,Yemen,Year,2016,FALSE,347,347,EN,2022-02-09T18:30:00.000Z
MALARIA_PV_INDIG,Number of indigenous P. vivax malaria cases,numeric,SEAR,South-East Asia,Country,IND,India,Year,2016,FALSE,375783,375 783,EN,2022-02-09T18:30:00.000Z
MALARIA_PV_INDIG,Number of indigenous P. vivax malaria cases,numeric,AMR,Americas,Country,BLZ,Belize,Year,2016,FALSE,4,4,EN,2022-02-09T18:30:00.000Z
MALARIA_PV_INDIG,Number of indigenous P. vivax malaria cases,numeric,AMR,Americas,Country,CRI,Costa Rica,Year,2016,FALSE,4,4,EN,2022-02-09T18:30:00.000Z
MALARIA_PV_INDIG,Number of indigenous P. vivax malaria cases,numeric,AMR,Americas,Country,PER,Peru,Year,2016,FALSE,41287,41 287,EN,2022-02-09T18:30:00.000Z
MALARIA_PV_INDIG,Number of indigenous P. vivax malaria cases,numeric,SEAR,South-East Asia,Country,MMR,Myanmar,Year,2016,FALSE,43748,43 748,EN,2022-02-09T18:30:00.000Z
MALARIA_PV_INDIG,Number of indigenous P. vivax malaria cases,numeric,SEAR,South-East Asia,Country,NPL,Nepal,Year,2016,FALSE,433,433,EN,2022-02-09T18:30:00.000Z
MALARIA_PV_INDIG,Number of indigenous P. vivax malaria cases,numeric,AMR,Americas,Country,GTM,Guatemala,Year,2016,FALSE,4849,4849,EN,2022-02-09T18:30:00.000Z
MALARIA_PV_INDIG,Number of indigenous P. vivax malaria cases,numeric,AMR,Americas,Country,NIC,Nicaragua,Year,2016,FALSE,4965,4965,EN,2022-02-09T18:30:00.000Z
MALARIA_PV_INDIG,Number of indigenous P. vivax malaria cases,numeric,SEAR,South-East Asia,Country,PRK,Democratic People's Republic of Korea,Year,2016,FALSE,5033,5033,EN,2022-02-09T18:30:00.000Z
MALARIA_PV_INDIG,Number of indigenous P. vivax malaria cases,numeric,AMR,Americas,Country,MEX,Mexico,Year,2016,FALSE,551,551,EN,2022-02-09T18:30:00.000Z
MALARIA_PV_INDIG,Number of indigenous P. vivax malaria cases,numeric,AMR,Americas,Country,BOL,Bolivia (Plurinational State of),Year,2016,FALSE,5535,5535,EN,2022-02-09T18:30:00.000Z
MALARIA_PV_INDIG,Number of indigenous P. vivax malaria cases,numeric,AFR,Africa,Country,ETH,Ethiopia,Year,2016,FALSE,576269,576 269,EN,2022-02-09T18:30:00.000Z
MALARIA_PV_INDIG,Number of indigenous P. vivax malaria cases,numeric,SEAR,South-East Asia,Country,THA,Thailand,Year,2016,FALSE,5765,5765,EN,2022-02-09T18:30:00.000Z
MALARIA_PV_INDIG,Number of indigenous P. vivax malaria cases,numeric,WPR,Western Pacific,Country,KOR,Republic of Korea,Year,2016,FALSE,602,602,EN,2022-02-09T18:30:00.000Z
MALARIA_PV_INDIG,Number of indigenous P. vivax malaria cases,numeric,AMR,Americas,Country,GUY,Guyana,Year,2016,FALSE,6081,6081,EN,2022-02-09T18:30:00.000Z
MALARIA_PV_INDIG,Number of indigenous P. vivax malaria cases,numeric,AMR,Americas,Country,SUR,Suriname,Year,2016,FALSE,69,69,EN,2022-02-09T18:30:00.000Z
MALARIA_PV_INDIG,Number of indigenous P. vivax malaria cases,numeric,SEAR,South-East Asia,Country,TLS,Timor-Leste,Year,2016,FALSE,7,7,EN,2022-02-09T18:30:00.000Z
MALARIA_PV_INDIG,Number of indigenous P. vivax malaria cases,numeric,AMR,Americas,Country,PAN,Panama,Year,2016,FALSE,748,748,EN,2022-02-09T18:30:00.000Z
MALARIA_PV_INDIG,Number of indigenous P. vivax malaria cases,numeric,AMR,Americas,Country,ECU,Ecuador,Year,2016,FALSE,788,788,EN,2022-02-09T18:30:00.000Z
MALARIA_PV_INDIG,Number of indigenous P. vivax malaria cases,numeric,EMR,Eastern Mediterranean,Country,IRN,Iran (Islamic Republic of),Year,2016,FALSE,79,79,EN,2022-02-09T18:30:00.000Z
MALARIA_PV_INDIG,Number of indigenous P. vivax malaria cases,numeric,SEAR,South-East Asia,Country,IDN,Indonesia,Year,2016,FALSE,81748,81 748,EN,2022-02-09T18:30:00.000Z
MALARIA_PV_INDIG,Number of indigenous P. vivax malaria cases,numeric,WPR,Western Pacific,Country,PHL,Philippines,Year,2016,FALSE,816,816,EN,2022-02-09T18:30:00.000Z
MALARIA_PV_INDIG,Number of indigenous P. vivax malaria cases,numeric,EMR,Eastern Mediterranean,Country,SDN,Sudan,Year,2016,FALSE,82175,82 175,EN,2022-02-09T18:30:00.000Z
MALARIA_PV_INDIG,Number of indigenous P. vivax malaria cases,numeric,WPR,Western Pacific,Country,LAO,Lao People's Democratic Republic,Year,2016,FALSE,9441,9441,EN,2022-02-09T18:30:00.000Z
MALARIA_PV_INDIG,Number of indigenous P. vivax malaria cases,numeric,WPR,Western Pacific,Country,PNG,Papua New Guinea,Year,2016,FALSE,95328,95 328,EN,2022-02-09T18:30:00.000Z
MALARIA_PV_INDIG,Number of indigenous P. vivax malaria cases,numeric,WPR,Western Pacific,Country,KHM,Cambodia,Year,2016,FALSE,9816,9816,EN,2022-02-09T18:30:00.000Z
MALARIA_PV_INDIG,Number of indigenous P. vivax malaria cases,numeric,EUR,Europe,Country,ARM,Armenia,Year,2015,FALSE,0,0,EN,2022-02-09T18:30:00.000Z
MALARIA_PV_INDIG,Number of indigenous P. vivax malaria cases,numeric,EUR,Europe,Country,AZE,Azerbaijan,Year,2015,FALSE,0,0,EN,2022-02-09T18:30:00.000Z
MALARIA_PV_INDIG,Number of indigenous P. vivax malaria cases,numeric,EUR,Europe,Country,GEO,Georgia,Year,2015,FALSE,0,0,EN,2022-02-09T18:30:00.000Z
MALARIA_PV_INDIG,Number of indigenous P. vivax malaria cases,numeric,AMR,Americas,Country,HTI,Haiti,Year,2015,FALSE,0,0,EN,2022-02-09T18:30:00.000Z
MALARIA_PV_INDIG,Number of indigenous P. vivax malaria cases,numeric,EUR,Europe,Country,KGZ,Kyrgyzstan,Year,2015,FALSE,0,0,EN,2022-02-09T18:30:00.000Z
MALARIA_PV_INDIG,Number of indigenous P. vivax malaria cases,numeric,SEAR,South-East Asia,Country,LKA,Sri Lanka,Year,2015,FALSE,0,0,EN,2022-02-09T18:30:00.000Z
MALARIA_PV_INDIG,Number of indigenous P. vivax malaria cases,numeric,EUR,Europe,Country,TJK,Tajikistan,Year,2015,FALSE,0,0,EN,2022-02-09T18:30:00.000Z
MALARIA_PV_INDIG,Number of indigenous P. vivax malaria cases,numeric,EUR,Europe,Country,TUR,Türkiye,Year,2015,FALSE,0,0,EN,2022-02-09T18:30:00.000Z
MALARIA_PV_INDIG,Number of indigenous P. vivax malaria cases,numeric,EUR,Europe,Country,TKM,Turkmenistan,Year,2015,FALSE,0,0,EN,2022-02-09T18:30:00.000Z
MALARIA_PV_INDIG,Number of indigenous P. vivax malaria cases,numeric,EUR,Europe,Country,UZB,Uzbekistan,Year,2015,FALSE,0,0,EN,2022-02-09T18:30:00.000Z
MALARIA_PV_INDIG,Number of indigenous P. vivax malaria cases,numeric,AFR,Africa,Country,ZWE,Zimbabwe,Year,2015,FALSE,0,0,EN,2022-02-09T18:30:00.000Z
MALARIA_PV_INDIG,Number of indigenous P. vivax malaria cases,numeric,AMR,Americas,Country,VEN,Venezuela (Bolivarian Republic of),Year,2015,FALSE,100880,100 880,EN,2022-02-09T18:30:00.000Z
MALARIA_PV_INDIG,Number of indigenous P. vivax malaria cases,numeric,WPR,Western Pacific,Country,SLB,Solomon Islands,Year,2015,FALSE,12150,12 150,EN,2022-02-09T18:30:00.000Z
MALARIA_PV_INDIG,Number of indigenous P. vivax malaria cases,numeric,AMR,Americas,Country,BRA,Brazil,Year,2015,FALSE,122746,122 746,EN,2022-02-09T18:30:00.000Z
MALARIA_PV_INDIG,Number of indigenous P. vivax malaria cases,numeric,WPR,Western Pacific,Country,KHM,Cambodia,Year,2015,FALSE,13146,13 146,EN,2022-02-09T18:30:00.000Z
MALARIA_PV_INDIG,Number of indigenous P. vivax malaria cases,numeric,EMR,Eastern Mediterranean,Country,IRN,Iran (Islamic Republic of),Year,2015,FALSE,157,157,EN,2022-02-09T18:30:00.000Z
MALARIA_PV_INDIG,Number of indigenous P. vivax malaria cases,numeric,EMR,Eastern Mediterranean,Country,PAK,Pakistan,Year,2015,FALSE,163872,163 872,EN,2022-02-09T18:30:00.000Z
MALARIA_PV_INDIG,Number of indigenous P. vivax malaria cases,numeric,AMR,Americas,Country,COL,Colombia,Year,2015,FALSE,19002,19 002,EN,2022-02-09T18:30:00.000Z
MALARIA_PV_INDIG,Number of indigenous P. vivax malaria cases,numeric,AMR,Americas,Country,NIC,Nicaragua,Year,2015,FALSE,1937,1937,EN,2022-02-09T18:30:00.000Z
MALARIA_PV_INDIG,Number of indigenous P. vivax malaria cases,numeric,WPR,Western Pacific,Country,LAO,Lao People's Democratic Republic,Year,2015,FALSE,20815,20 815,EN,2022-02-09T18:30:00.000Z
MALARIA_PV_INDIG,Number of indigenous P. vivax malaria cases,numeric,SEAR,South-East Asia,Country,BTN,Bhutan,Year,2015,FALSE,21,21,EN,2022-02-09T18:30:00.000Z
MALARIA_PV_INDIG,Number of indigenous P. vivax malaria cases,numeric,SEAR,South-East Asia,Country,TLS,Timor-Leste,Year,2015,FALSE,24,24,EN,2022-02-09T18:30:00.000Z
MALARIA_PV_INDIG,Number of indigenous P. vivax malaria cases,numeric,WPR,Western Pacific,Country,CHN,China,Year,2015,FALSE,26,26,EN,2022-02-09T18:30:00.000Z
MALARIA_PV_INDIG,Number of indigenous P. vivax malaria cases,numeric,AMR,Americas,Country,HND,Honduras,Year,2015,FALSE,2626,2626,EN,2022-02-09T18:30:00.000Z
MALARIA_PV_INDIG,Number of indigenous P. vivax malaria cases,numeric,WPR,Western Pacific,Country,VUT,Vanuatu,Year,2015,FALSE,273,273,EN,2022-02-09T18:30:00.000Z
MALARIA_PV_INDIG,Number of indigenous P. vivax malaria cases,numeric,EMR,Eastern Mediterranean,Country,YEM,Yemen,Year,2015,FALSE,334,334,EN,2022-02-09T18:30:00.000Z
MALARIA_PV_INDIG,Number of indigenous P. vivax malaria cases,numeric,SEAR,South-East Asia,Country,IND,India,Year,2015,FALSE,390440,390 440,EN,2022-02-09T18:30:00.000Z
MALARIA_PV_INDIG,Number of indigenous P. vivax malaria cases,numeric,SEAR,South-East Asia,Country,BGD,Bangladesh,Year,2015,FALSE,4000,4000,EN,2022-02-09T18:30:00.000Z
MALARIA_PV_INDIG,Number of indigenous P. vivax malaria cases,numeric,AMR,Americas,Country,ECU,Ecuador,Year,2015,FALSE,434,434,EN,2022-02-09T18:30:00.000Z
MALARIA_PV_INDIG,Number of indigenous P. vivax malaria cases,numeric,SEAR,South-East Asia,Country,THA,Thailand,Year,2015,FALSE,4655,4655,EN,2022-02-09T18:30:00.000Z
MALARIA_PV_INDIG,Number of indigenous P. vivax malaria cases,numeric,WPR,Western Pacific,Country,VNM,Viet Nam,Year,2015,FALSE,4756,4756,EN,2022-02-09T18:30:00.000Z
MALARIA_PV_INDIG,Number of indigenous P. vivax malaria cases,numeric,AFR,Africa,Country,ERI,Eritrea,Year,2015,FALSE,4780,4780,EN,2022-02-09T18:30:00.000Z
MALARIA_PV_INDIG,Number of indigenous P. vivax malaria cases,numeric,AMR,Americas,Country,PER,Peru,Year,2015,FALSE,49287,49 287,EN,2022-02-09T18:30:00.000Z
MALARIA_PV_INDIG,Number of indigenous P. vivax malaria cases,numeric,AMR,Americas,Country,SLV,El Salvador,Year,2015,FALSE,5,5,EN,2022-02-09T18:30:00.000Z
MALARIA_PV_INDIG,Number of indigenous P. vivax malaria cases,numeric,AFR,Africa,Country,ZAF,South Africa,Year,2015,TRUE,5,5,EN,2022-02-09T18:30:00.000Z
MALARIA_PV_INDIG,Number of indigenous P. vivax malaria cases,numeric,SEAR,South-East Asia,Country,NPL,Nepal,Year,2015,FALSE,504,504,EN,2022-02-09T18:30:00.000Z
MALARIA_PV_INDIG,Number of indigenous P. vivax malaria cases,numeric,AMR,Americas,Country,MEX,Mexico,Year,2015,FALSE,517,517,EN,2022-02-09T18:30:00.000Z
MALARIA_PV_INDIG,Number of indigenous P. vivax malaria cases,numeric,AMR,Americas,Country,PAN,Panama,Year,2015,FALSE,546,546,EN,2022-02-09T18:30:00.000Z
MALARIA_PV_INDIG,Number of indigenous P. vivax malaria cases,numeric,AMR,Americas,Country,GTM,Guatemala,Year,2015,FALSE,5487,5487,EN,2022-02-09T18:30:00.000Z
MALARIA_PV_INDIG,Number of indigenous P. vivax malaria cases,numeric,AMR,Americas,Country,GUY,Guyana,Year,2015,FALSE,6002,6002,EN,2022-02-09T18:30:00.000Z
MALARIA_PV_INDIG,Number of indigenous P. vivax malaria cases,numeric,AMR,Americas,Country,SUR,Suriname,Year,2015,FALSE,61,61,EN,2022-02-09T18:30:00.000Z
MALARIA_PV_INDIG,Number of indigenous P. vivax malaria cases,numeric,WPR,Western Pacific,Country,PNG,Papua New Guinea,Year,2015,FALSE,62228,62 228,EN,2022-02-09T18:30:00.000Z
MALARIA_PV_INDIG,Number of indigenous P. vivax malaria cases,numeric,WPR,Western Pacific,Country,KOR,Republic of Korea,Year,2015,FALSE,627,627,EN,2022-02-09T18:30:00.000Z
MALARIA_PV_INDIG,Number of indigenous P. vivax malaria cases,numeric,SEAR,South-East Asia,Country,MMR,Myanmar,Year,2015,FALSE,65536,65 536,EN,2022-02-09T18:30:00.000Z
MALARIA_PV_INDIG,Number of indigenous P. vivax malaria cases,numeric,AFR,Africa,Country,ETH,Ethiopia,Year,2015,FALSE,678432,678 432,EN,2022-02-09T18:30:00.000Z
MALARIA_PV_INDIG,Number of indigenous P. vivax malaria cases,numeric,AMR,Americas,Country,BOL,Bolivia (Plurinational State of),Year,2015,FALSE,6785,6785,EN,2022-02-09T18:30:00.000Z
MALARIA_PV_INDIG,Number of indigenous P. vivax malaria cases,numeric,SEAR,South-East Asia,Country,PRK,Democratic People's Republic of Korea,Year,2015,FALSE,7022,7022,EN,2022-02-09T18:30:00.000Z
MALARIA_PV_INDIG,Number of indigenous P. vivax malaria cases,numeric,WPR,Western Pacific,Country,PHL,Philippines,Year,2015,FALSE,755,755,EN,2022-02-09T18:30:00.000Z
MALARIA_PV_INDIG,Number of indigenous P. vivax malaria cases,numeric,EMR,Eastern Mediterranean,Country,AFG,Afghanistan,Year,2015,FALSE,82891,82 891,EN,2022-02-09T18:30:00.000Z
MALARIA_PV_INDIG,Number of indigenous P. vivax malaria cases,numeric,WPR,Western Pacific,Country,MYS,Malaysia,Year,2015,FALSE,84,84,EN,2022-02-09T18:30:00.000Z
MALARIA_PV_INDIG,Number of indigenous P. vivax malaria cases,numeric,AMR,Americas,Country,BLZ,Belize,Year,2015,FALSE,9,9,EN,2022-02-09T18:30:00.000Z
MALARIA_PV_INDIG,Number of indigenous P. vivax malaria cases,numeric,SEAR,South-East Asia,Country,IDN,Indonesia,Year,2015,FALSE,94267,94 267,EN,2022-02-09T18:30:00.000Z
MALARIA_PV_INDIG,Number of indigenous P. vivax malaria cases,numeric,EUR,Europe,Country,ARM,Armenia,Year,2014,FALSE,0,0,EN,2022-02-09T18:30:00.000Z
MALARIA_PV_INDIG,Number of indigenous P. vivax malaria cases,numeric,EUR,Europe,Country,AZE,Azerbaijan,Year,2014,FALSE,0,0,EN,2022-02-09T18:30:00.000Z
MALARIA_PV_INDIG,Number of indigenous P. vivax malaria cases,numeric,EUR,Europe,Country,GEO,Georgia,Year,2014,FALSE,0,0,EN,2022-02-09T18:30:00.000Z
MALARIA_PV_INDIG,Number of indigenous P. vivax malaria cases,numeric,AMR,Americas,Country,HTI,Haiti,Year,2014,FALSE,0,0,EN,2022-02-09T18:30:00.000Z
MALARIA_PV_INDIG,Number of indigenous P. vivax malaria cases,numeric,EUR,Europe,Country,KGZ,Kyrgyzstan,Year,2014,FALSE,0,0,EN,2022-02-09T18:30:00.000Z
MALARIA_PV_INDIG,Number of indigenous P. vivax malaria cases,numeric,EUR,Europe,Country,TUR,Türkiye,Year,2014,FALSE,0,0,EN,2022-02-09T18:30:00.000Z
MALARIA_PV_INDIG,Number of indigenous P. vivax malaria cases,numeric,EUR,Europe,Country,TKM,Turkmenistan,Year,2014,FALSE,0,0,EN,2022-02-09T18:30:00.000Z
MALARIA_PV_INDIG,Number of indigenous P. vivax malaria cases,numeric,EUR,Europe,Country,UZB,Uzbekistan,Year,2014,FALSE,0,0,EN,2022-02-09T18:30:00.000Z
MALARIA_PV_INDIG,Number of indigenous P. vivax malaria cases,numeric,AFR,Africa,Country,ZWE,Zimbabwe,Year,2014,FALSE,0,0,EN,2022-02-09T18:30:00.000Z
MALARIA_PV_INDIG,Number of indigenous P. vivax malaria cases,numeric,WPR,Western Pacific,Country,KHM,Cambodia,Year,2014,FALSE,10356,10 356,EN,2022-02-09T18:30:00.000Z
MALARIA_PV_INDIG,Number of indigenous P. vivax malaria cases,numeric,SEAR,South-East Asia,Country,PRK,Democratic People's Republic of Korea,Year,2014,FALSE,10535,10 535,EN,2022-02-09T18:30:00.000Z
MALARIA_PV_INDIG,Number of indigenous P. vivax malaria cases,numeric,SEAR,South-East Asia,Country,IDN,Indonesia,Year,2014,FALSE,107260,107 260,EN,2022-02-09T18:30:00.000Z
MALARIA_PV_INDIG,Number of indigenous P. vivax malaria cases,numeric,AMR,Americas,Country,BRA,Brazil,Year,2014,FALSE,115809,115 809,EN,2022-02-09T18:30:00.000Z
MALARIA_PV_INDIG,Number of indigenous P. vivax malaria cases,numeric,SEAR,South-East Asia,Country,TLS,Timor-Leste,Year,2014,FALSE,139,139,EN,2022-02-09T18:30:00.000Z
MALARIA_PV_INDIG,Number of indigenous P. vivax malaria cases,numeric,AMR,Americas,Country,BLZ,Belize,Year,2014,FALSE,19,19,EN,2022-02-09T18:30:00.000Z
MALARIA_PV_INDIG,Number of indigenous P. vivax malaria cases,numeric,AMR,Americas,Country,COL,Colombia,Year,2014,FALSE,20129,20 129,EN,2022-02-09T18:30:00.000Z
MALARIA_PV_INDIG,Number of indigenous P. vivax malaria cases,numeric,SEAR,South-East Asia,Country,THA,Thailand,Year,2014,FALSE,20513,20 513,EN,2022-02-09T18:30:00.000Z
MALARIA_PV_INDIG,Number of indigenous P. vivax malaria cases,numeric,AMR,Americas,Country,ECU,Ecuador,Year,2014,FALSE,202,202,EN,2022-02-09T18:30:00.000Z
MALARIA_PV_INDIG,Number of indigenous P. vivax malaria cases,numeric,WPR,Western Pacific,Country,LAO,Lao People's Democratic Republic,Year,2014,FALSE,23763,23 763,EN,2022-02-09T18:30:00.000Z
MALARIA_PV_INDIG,Number of indigenous P. vivax malaria cases,numeric,EMR,Eastern Mediterranean,Country,PAK,Pakistan,Year,2014,FALSE,232332,232 332,EN,2022-02-09T18:30:00.000Z
MALARIA_PV_INDIG,Number of indigenous P. vivax malaria cases,numeric,EMR,Eastern Mediterranean,Country,YEM,Yemen,Year,2014,FALSE,267,267,EN,2022-02-09T18:30:00.000Z
MALARIA_PV_INDIG,Number of indigenous P. vivax malaria cases,numeric,AMR,Americas,Country,HND,Honduras,Year,2014,FALSE,2813,2813,EN,2022-02-09T18:30:00.000Z
MALARIA_PV_INDIG,Number of indigenous P. vivax malaria cases,numeric,SEAR,South-East Asia,Country,BGD,Bangladesh,Year,2014,FALSE,3348,3348,EN,2022-02-09T18:30:00.000Z
MALARIA_PV_INDIG,Number of indigenous P. vivax malaria cases,numeric,EMR,Eastern Mediterranean,Country,IRN,Iran (Islamic Republic of),Year,2014,FALSE,351,351,EN,2022-02-09T18:30:00.000Z
MALARIA_PV_INDIG,Number of indigenous P. vivax malaria cases,numeric,SEAR,South-East Asia,Country,IND,India,Year,2014,FALSE,379659,379 659,EN,2022-02-09T18:30:00.000Z
MALARIA_PV_INDIG,Number of indigenous P. vivax malaria cases,numeric,WPR,Western Pacific,Country,CHN,China,Year,2014,FALSE,45,45,EN,2022-02-09T18:30:00.000Z
MALARIA_PV_INDIG,Number of indigenous P. vivax malaria cases,numeric,AMR,Americas,Country,GTM,Guatemala,Year,2014,FALSE,4839,4839,EN,2022-02-09T18:30:00.000Z
MALARIA_PV_INDIG,Number of indigenous P. vivax malaria cases,numeric,AMR,Americas,Country,PER,Peru,Year,2014,FALSE,54819,54 819,EN,2022-02-09T18:30:00.000Z
MALARIA_PV_INDIG,Number of indigenous P. vivax malaria cases,numeric,WPR,Western Pacific,Country,KOR,Republic of Korea,Year,2014,FALSE,557,557,EN,2022-02-09T18:30:00.000Z
MALARIA_PV_INDIG,Number of indigenous P. vivax malaria cases,numeric,EMR,Eastern Mediterranean,Country,AFG,Afghanistan,Year,2014,FALSE,58362,58 362,EN,2022-02-09T18:30:00.000Z
MALARIA_PV_INDIG,Number of indigenous P. vivax malaria cases,numeric,AMR,Americas,Country,SLV,El Salvador,Year,2014,FALSE,6,6,EN,2022-02-09T18:30:00.000Z
MALARIA_PV_INDIG,Number of indigenous P. vivax malaria cases,numeric,SEAR,South-East Asia,Country,MMR,Myanmar,Year,2014,FALSE,61830,61 830,EN,2022-02-09T18:30:00.000Z
MALARIA_PV_INDIG,Number of indigenous P. vivax malaria cases,numeric,AMR,Americas,Country,VEN,Venezuela (Bolivarian Republic of),Year,2014,FALSE,62850,62 850,EN,2022-02-09T18:30:00.000Z
MALARIA_PV_INDIG,Number of indigenous P. vivax malaria cases,numeric,AMR,Americas,Country,MEX,Mexico,Year,2014,FALSE,656,656,EN,2022-02-09T18:30:00.000Z
MALARIA_PV_INDIG,Number of indigenous P. vivax malaria cases,numeric,AFR,Africa,Country,ERI,Eritrea,Year,2014,FALSE,6780,6780,EN,2022-02-09T18:30:00.000Z
MALARIA_PV_INDIG,Number of indigenous P. vivax malaria cases,numeric,SEAR,South-East Asia,Country,NPL,Nepal,Year,2014,FALSE,693,693,EN,2022-02-09T18:30:00.000Z
MALARIA_PV_INDIG,Number of indigenous P. vivax malaria cases,numeric,WPR,Western Pacific,Country,VUT,Vanuatu,Year,2014,FALSE,703,703,EN,2022-02-09T18:30:00.000Z
MALARIA_PV_INDIG,Number of indigenous P. vivax malaria cases,numeric,AMR,Americas,Country,BOL,Bolivia (Plurinational State of),Year,2014,FALSE,7060,7060,EN,2022-02-09T18:30:00.000Z
MALARIA_PV_INDIG,Number of indigenous P. vivax malaria cases,numeric,AMR,Americas,Country,GUY,Guyana,Year,2014,FALSE,7173,7173,EN,2022-02-09T18:30:00.000Z
MALARIA_PV_INDIG,Number of indigenous P. vivax malaria cases,numeric,WPR,Western Pacific,Country,VNM,Viet Nam,Year,2014,FALSE,7220,7220,EN,2022-02-09T18:30:00.000Z
MALARIA_PV_INDIG,Number of indigenous P. vivax malaria cases,numeric,AMR,Americas,Country,SUR,Suriname,Year,2014,FALSE,78,78,EN,2022-02-09T18:30:00.000Z
MALARIA_PV_INDIG,Number of indigenous P. vivax malaria cases,numeric,WPR,Western Pacific,Country,PNG,Papua New Guinea,Year,2014,FALSE,78846,78 846,EN,2022-02-09T18:30:00.000Z
MALARIA_PV_INDIG,Number of indigenous P. vivax malaria cases,numeric,WPR,Western Pacific,Country,SLB,Solomon Islands,Year,2014,FALSE,7845,7845,EN,2022-02-09T18:30:00.000Z
MALARIA_PV_INDIG,Number of indigenous P. vivax malaria cases,numeric,SEAR,South-East Asia,Country,BTN,Bhutan,Year,2014,FALSE,8,8,EN,2022-02-09T18:30:00.000Z
MALARIA_PV_INDIG,Number of indigenous P. vivax malaria cases,numeric,WPR,Western Pacific,Country,PHL,Philippines,Year,2014,FALSE,834,834,EN,2022-02-09T18:30:00.000Z
MALARIA_PV_INDIG,Number of indigenous P. vivax malaria cases,numeric,WPR,Western Pacific,Country,MYS,Malaysia,Year,2014,FALSE,85,85,EN,2022-02-09T18:30:00.000Z
MALARIA_PV_INDIG,Number of indigenous P. vivax malaria cases,numeric,AMR,Americas,Country,PAN,Panama,Year,2014,FALSE,864,864,EN,2022-02-09T18:30:00.000Z
MALARIA_PV_INDIG,Number of indigenous P. vivax malaria cases,numeric,AFR,Africa,Country,ETH,Ethiopia,Year,2014,FALSE,868705,868 705,EN,2022-02-09T18:30:00.000Z
MALARIA_PV_INDIG,Number of indigenous P. vivax malaria cases,numeric,AMR,Americas,Country,NIC,Nicaragua,Year,2014,FALSE,985,985,EN,2022-02-09T18:30:00.000Z
MALARIA_PV_INDIG,Number of indigenous P. vivax malaria cases,numeric,EUR,Europe,Country,ARM,Armenia,Year,2013,FALSE,0,0,EN,2022-02-09T18:30:00.000Z
MALARIA_PV_INDIG,Number of indigenous P. vivax malaria cases,numeric,EUR,Europe,Country,AZE,Azerbaijan,Year,2013,FALSE,0,0,EN,2022-02-09T18:30:00.000Z
MALARIA_PV_INDIG,Number of indigenous P. vivax malaria cases,numeric,EUR,Europe,Country,GEO,Georgia,Year,2013,FALSE,0,0,EN,2022-02-09T18:30:00.000Z
MALARIA_PV_INDIG,Number of indigenous P. vivax malaria cases,numeric,AMR,Americas,Country,HTI,Haiti,Year,2013,FALSE,0,0,EN,2022-02-09T18:30:00.000Z
MALARIA_PV_INDIG,Number of indigenous P. vivax malaria cases,numeric,EUR,Europe,Country,KGZ,Kyrgyzstan,Year,2013,FALSE,0,0,EN,2022-02-09T18:30:00.000Z
MALARIA_PV_INDIG,Number of indigenous P. vivax malaria cases,numeric,EUR,Europe,Country,TUR,Türkiye,Year,2013,FALSE,0,0,EN,2022-02-09T18:30:00.000Z
MALARIA_PV_INDIG,Number of indigenous P. vivax malaria cases,numeric,EUR,Europe,Country,TKM,Turkmenistan,Year,2013,FALSE,0,0,EN,2022-02-09T18:30:00.000Z
MALARIA_PV_INDIG,Number of indigenous P. vivax malaria cases,numeric,EUR,Europe,Country,UZB,Uzbekistan,Year,2013,FALSE,0,0,EN,2022-02-09T18:30:00.000Z
MALARIA_PV_INDIG,Number of indigenous P. vivax malaria cases,numeric,AFR,Africa,Country,ZWE,Zimbabwe,Year,2013,FALSE,0,0,EN,2022-02-09T18:30:00.000Z
MALARIA_PV_INDIG,Number of indigenous P. vivax malaria cases,numeric,AFR,Africa,Country,STP,Sao Tome and Principe,Year,2013,TRUE,1,1,EN,2022-02-09T18:30:00.000Z
MALARIA_PV_INDIG,Number of indigenous P. vivax malaria cases,numeric,WPR,Western Pacific,Country,KHM,Cambodia,Year,2013,FALSE,11267,11 267,EN,2022-02-09T18:30:00.000Z
MALARIA_PV_INDIG,Number of indigenous P. vivax malaria cases,numeric,WPR,Western Pacific,Country,SLB,Solomon Islands,Year,2013,FALSE,11628,11 628,EN,2022-02-09T18:30:00.000Z
MALARIA_PV_INDIG,Number of indigenous P. vivax malaria cases,numeric,WPR,Western Pacific,Country,LAO,Lao People's Democratic Republic,Year,2013,FALSE,13067,13 067,EN,2022-02-09T18:30:00.000Z
MALARIA_PV_INDIG,Number of indigenous P. vivax malaria cases,numeric,AMR,Americas,Country,GUY,Guyana,Year,2013,FALSE,13953,13 953,EN,2022-02-09T18:30:00.000Z
MALARIA_PV_INDIG,Number of indigenous P. vivax malaria cases,numeric,WPR,Western Pacific,Country,VUT,Vanuatu,Year,2013,FALSE,1342,1342,EN,2022-02-09T18:30:00.000Z
MALARIA_PV_INDIG,Number of indigenous P. vivax malaria cases,numeric,WPR,Western Pacific,Country,PHL,Philippines,Year,2013,FALSE,1357,1357,EN,2022-02-09T18:30:00.000Z
MALARIA_PV_INDIG,Number of indigenous P. vivax malaria cases,numeric,AMR,Americas,Country,BRA,Brazil,Year,2013,FALSE,137887,137 887,EN,2022-02-09T18:30:00.000Z
MALARIA_PV_INDIG,Number of indigenous P. vivax malaria cases,numeric,SEAR,South-East Asia,Country,PRK,Democratic People's Republic of Korea,Year,2013,FALSE,14407,14 407,EN,2022-02-09T18:30:00.000Z
MALARIA_PV_INDIG,Number of indigenous P. vivax malaria cases,numeric,SEAR,South-East Asia,Country,THA,Thailand,Year,2013,FALSE,15573,15 573,EN,2022-02-09T18:30:00.000Z
MALARIA_PV_INDIG,Number of indigenous P. vivax malaria cases,numeric,SEAR,South-East Asia,Country,IDN,Indonesia,Year,2013,FALSE,150985,150 985,EN,2022-02-09T18:30:00.000Z
MALARIA_PV_INDIG,Number of indigenous P. vivax malaria cases,numeric,SEAR,South-East Asia,Country,NPL,Nepal,Year,2013,FALSE,1659,1659,EN,2022-02-09T18:30:00.000Z
MALARIA_PV_INDIG,Number of indigenous P. vivax malaria cases,numeric,AMR,Americas,Country,BLZ,Belize,Year,2013,FALSE,20,20,EN,2022-02-09T18:30:00.000Z
MALARIA_PV_INDIG,Number of indigenous P. vivax malaria cases,numeric,AMR,Americas,Country,ECU,Ecuador,Year,2013,FALSE,208,208,EN,2022-02-09T18:30:00.000Z
MALARIA_PV_INDIG,Number of indigenous P. vivax malaria cases,numeric,EMR,Eastern Mediterranean,Country,PAK,Pakistan,Year,2013,FALSE,215655,215 655,EN,2022-02-09T18:30:00.000Z
MALARIA_PV_INDIG,Number of indigenous P. vivax malaria cases,numeric,WPR,Western Pacific,Country,MYS,Malaysia,Year,2013,FALSE,241,241,EN,2022-02-09T18:30:00.000Z
MALARIA_PV_INDIG,Number of indigenous P. vivax malaria cases,numeric,AMR,Americas,Country,SUR,Suriname,Year,2013,FALSE,322,322,EN,2022-02-09T18:30:00.000Z
MALARIA_PV_INDIG,Number of indigenous P. vivax malaria cases,numeric,AMR,Americas,Country,COL,Colombia,Year,2013,FALSE,33345,33 345,EN,2022-02-09T18:30:00.000Z
MALARIA_PV_INDIG,Number of indigenous P. vivax malaria cases,numeric,WPR,Western Pacific,Country,KOR,Republic of Korea,Year,2013,FALSE,383,383,EN,2022-02-09T18:30:00.000Z
MALARIA_PV_INDIG,Number of indigenous P. vivax malaria cases,numeric,AMR,Americas,Country,PER,Peru,Year,2013,FALSE,40829,40 829,EN,2022-02-09T18:30:00.000Z
MALARIA_PV_INDIG,Number of indigenous P. vivax malaria cases,numeric,EMR,Eastern Mediterranean,Country,YEM,Yemen,Year,2013,FALSE,408,408,EN,2022-02-09T18:30:00.000Z
MALARIA_PV_INDIG,Number of indigenous P. vivax malaria cases,numeric,SEAR,South-East Asia,Country,IND,India,Year,2013,FALSE,417884,417 884,EN,2022-02-09T18:30:00.000Z
MALARIA_PV_INDIG,Number of indigenous P. vivax malaria cases,numeric,AMR,Americas,Country,HND,Honduras,Year,2013,FALSE,4245,4245,EN,2022-02-09T18:30:00.000Z
MALARIA_PV_INDIG,Number of indigenous P. vivax malaria cases,numeric,EMR,Eastern Mediterranean,Country,IRN,Iran (Islamic Republic of),Year,2013,FALSE,426,426,EN,2022-02-09T18:30:00.000Z
MALARIA_PV_INDIG,Number of indigenous P. vivax malaria cases,numeric,EMR,Eastern Mediterranean,Country,AFG,Afghanistan,Year,2013,FALSE,43369,43 369,EN,2022-02-09T18:30:00.000Z
MALARIA_PV_INDIG,Number of indigenous P. vivax malaria cases,numeric,AMR,Americas,Country,MEX,Mexico,Year,2013,FALSE,495,495,EN,2022-02-09T18:30:00.000Z
MALARIA_PV_INDIG,Number of indigenous P. vivax malaria cases,numeric,AMR,Americas,Country,VEN,Venezuela (Bolivarian Republic of),Year,2013,FALSE,50938,50 938,EN,2022-02-09T18:30:00.000Z
MALARIA_PV_INDIG,Number of indigenous P. vivax malaria cases,numeric,SEAR,South-East Asia,Country,TLS,Timor-Leste,Year,2013,FALSE,512,512,EN,2022-02-09T18:30:00.000Z
MALARIA_PV_INDIG,Number of indigenous P. vivax malaria cases,numeric,AMR,Americas,Country,SLV,El Salvador,Year,2013,FALSE,6,6,EN,2022-02-09T18:30:00.000Z
MALARIA_PV_INDIG,Number of indigenous P. vivax malaria cases,numeric,AMR,Americas,Country,GTM,Guatemala,Year,2013,FALSE,6062,6062,EN,2022-02-09T18:30:00.000Z
MALARIA_PV_INDIG,Number of indigenous P. vivax malaria cases,numeric,AMR,Americas,Country,BOL,Bolivia (Plurinational State of),Year,2013,FALSE,6346,6346,EN,2022-02-09T18:30:00.000Z
MALARIA_PV_INDIG,Number of indigenous P. vivax malaria cases,numeric,WPR,Western Pacific,Country,CHN,China,Year,2013,FALSE,67,67,EN,2022-02-09T18:30:00.000Z
MALARIA_PV_INDIG,Number of indigenous P. vivax malaria cases,numeric,WPR,Western Pacific,Country,VNM,Viet Nam,Year,2013,FALSE,6901,6901,EN,2022-02-09T18:30:00.000Z
MALARIA_PV_INDIG,Number of indigenous P. vivax malaria cases,numeric,AMR,Americas,Country,PAN,Panama,Year,2013,FALSE,696,696,EN,2022-02-09T18:30:00.000Z
MALARIA_PV_INDIG,Number of indigenous P. vivax malaria cases,numeric,AFR,Africa,Country,COM,Comoros,Year,2013,TRUE,72,72,EN,2022-02-09T18:30:00.000Z
MALARIA_PV_INDIG,Number of indigenous P. vivax malaria cases,numeric,AFR,Africa,Country,ERI,Eritrea,Year,2013,FALSE,7361,7361,EN,2022-02-09T18:30:00.000Z
MALARIA_PV_INDIG,Number of indigenous P. vivax malaria cases,numeric,WPR,Western Pacific,Country,PNG,Papua New Guinea,Year,2013,FALSE,7579,7579,EN,2022-02-09T18:30:00.000Z
MALARIA_PV_INDIG,Number of indigenous P. vivax malaria cases,numeric,SEAR,South-East Asia,Country,BTN,Bhutan,Year,2013,FALSE,9,9,EN,2022-02-09T18:30:00.000Z
MALARIA_PV_INDIG,Number of indigenous P. vivax malaria cases,numeric,AMR,Americas,Country,NIC,Nicaragua,Year,2013,FALSE,954,954,EN,2022-02-09T18:30:00.000Z
MALARIA_PV_INDIG,Number of indigenous P. vivax malaria cases,numeric,AFR,Africa,Country,ETH,Ethiopia,Year,2013,FALSE,958291,958 291,EN,2022-02-09T18:30:00.000Z
MALARIA_PV_INDIG,Number of indigenous P. vivax malaria cases,numeric,SEAR,South-East Asia,Country,MMR,Myanmar,Year,2013,FALSE,98860,98 860,EN,2022-02-09T18:30:00.000Z
MALARIA_PV_INDIG,Number of indigenous P. vivax malaria cases,numeric,SEAR,South-East Asia,Country,BGD,Bangladesh,Year,2013,FALSE,983,983,EN,2022-02-09T18:30:00.000Z
MALARIA_PV_INDIG,Number of indigenous P. vivax malaria cases,numeric,EUR,Europe,Country,ARM,Armenia,Year,2012,FALSE,0,0,EN,2022-02-09T18:30:00.000Z
MALARIA_PV_INDIG,Number of indigenous P. vivax malaria cases,numeric,EUR,Europe,Country,GEO,Georgia,Year,2012,FALSE,0,0,EN,2022-02-09T18:30:00.000Z
MALARIA_PV_INDIG,Number of indigenous P. vivax malaria cases,numeric,AMR,Americas,Country,HTI,Haiti,Year,2012,FALSE,0,0,EN,2022-02-09T18:30:00.000Z
MALARIA_PV_INDIG,Number of indigenous P. vivax malaria cases,numeric,EUR,Europe,Country,KGZ,Kyrgyzstan,Year,2012,FALSE,0,0,EN,2022-02-09T18:30:00.000Z
MALARIA_PV_INDIG,Number of indigenous P. vivax malaria cases,numeric,EUR,Europe,Country,TUR,Türkiye,Year,2012,FALSE,0,0,EN,2022-02-09T18:30:00.000Z
MALARIA_PV_INDIG,Number of indigenous P. vivax malaria cases,numeric,EUR,Europe,Country,TKM,Turkmenistan,Year,2012,FALSE,0,0,EN,2022-02-09T18:30:00.000Z
MALARIA_PV_INDIG,Number of indigenous P. vivax malaria cases,numeric,EUR,Europe,Country,UZB,Uzbekistan,Year,2012,FALSE,0,0,EN,2022-02-09T18:30:00.000Z
MALARIA_PV_INDIG,Number of indigenous P. vivax malaria cases,numeric,AFR,Africa,Country,ZWE,Zimbabwe,Year,2012,FALSE,0,0,EN,2022-02-09T18:30:00.000Z
MALARIA_PV_INDIG,Number of indigenous P. vivax malaria cases,numeric,AFR,Africa,Country,STP,Sao Tome and Principe,Year,2012,FALSE,1,1,EN,2022-02-09T18:30:00.000Z
MALARIA_PV_INDIG,Number of indigenous P. vivax malaria cases,numeric,AMR,Americas,Country,GUY,Guyana,Year,2012,FALSE,11225,11 225,EN,2022-02-09T18:30:00.000Z
MALARIA_PV_INDIG,Number of indigenous P. vivax malaria cases,numeric,AMR,Americas,Country,SLV,El Salvador,Year,2012,FALSE,13,13,EN,2022-02-09T18:30:00.000Z
MALARIA_PV_INDIG,Number of indigenous P. vivax malaria cases,numeric,SEAR,South-East Asia,Country,MMR,Myanmar,Year,2012,FALSE,135385,135 385,EN,2022-02-09T18:30:00.000Z
MALARIA_PV_INDIG,Number of indigenous P. vivax malaria cases,numeric,AMR,Americas,Country,SUR,Suriname,Year,2012,FALSE,167,167,EN,2022-02-09T18:30:00.000Z
MALARIA_PV_INDIG,Number of indigenous P. vivax malaria cases,numeric,WPR,Western Pacific,Country,VUT,Vanuatu,Year,2012,FALSE,1680,1680,EN,2022-02-09T18:30:00.000Z
MALARIA_PV_INDIG,Number of indigenous P. vivax malaria cases,numeric,SEAR,South-East Asia,Country,BGD,Bangladesh,Year,2012,FALSE,1699,1699,EN,2022-02-09T18:30:00.000Z
MALARIA_PV_INDIG,Number of indigenous P. vivax malaria cases,numeric,SEAR,South-East Asia,Country,THA,Thailand,Year,2012,FALSE,17506,17 506,EN,2022-02-09T18:30:00.000Z
MALARIA_PV_INDIG,Number of indigenous P. vivax malaria cases,numeric,WPR,Western Pacific,Country,CHN,China,Year,2012,FALSE,179,179,EN,2022-02-09T18:30:00.000Z
MALARIA_PV_INDIG,Number of indigenous P. vivax malaria cases,numeric,SEAR,South-East Asia,Country,IDN,Indonesia,Year,2012,FALSE,187583,187 583,EN,2022-02-09T18:30:00.000Z
MALARIA_PV_INDIG,Number of indigenous P. vivax malaria cases,numeric,SEAR,South-East Asia,Country,LKA,Sri Lanka,Year,2012,FALSE,19,19,EN,2022-02-09T18:30:00.000Z
MALARIA_PV_INDIG,Number of indigenous P. vivax malaria cases,numeric,WPR,Western Pacific,Country,KHM,Cambodia,Year,2012,FALSE,19575,19 575,EN,2022-02-09T18:30:00.000Z
MALARIA_PV_INDIG,Number of indigenous P. vivax malaria cases,numeric,AMR,Americas,Country,DOM,Dominican Republic,Year,2012,TRUE,2,2,EN,2022-02-09T18:30:00.000Z
MALARIA_PV_INDIG,Number of indigenous P. vivax malaria cases,numeric,AMR,Americas,Country,BRA,Brazil,Year,2012,FALSE,203018,203 018,EN,2022-02-09T18:30:00.000Z
MALARIA_PV_INDIG,Number of indigenous P. vivax malaria cases,numeric,SEAR,South-East Asia,Country,PRK,Democratic People's Republic of Korea,Year,2012,FALSE,21850,21 850,EN,2022-02-09T18:30:00.000Z
MALARIA_PV_INDIG,Number of indigenous P. vivax malaria cases,numeric,WPR,Western Pacific,Country,PHL,Philippines,Year,2012,FALSE,2189,2189,EN,2022-02-09T18:30:00.000Z
MALARIA_PV_INDIG,Number of indigenous P. vivax malaria cases,numeric,EMR,Eastern Mediterranean,Country,PAK,Pakistan,Year,2012,FALSE,228215,228 215,EN,2022-02-09T18:30:00.000Z
MALARIA_PV_INDIG,Number of indigenous P. vivax malaria cases,numeric,SEAR,South-East Asia,Country,TLS,Timor-Leste,Year,2012,FALSE,2288,2288,EN,2022-02-09T18:30:00.000Z
MALARIA_PV_INDIG,Number of indigenous P. vivax malaria cases,numeric,AMR,Americas,Country,PER,Peru,Year,2012,FALSE,28030,28 030,EN,2022-02-09T18:30:00.000Z
MALARIA_PV_INDIG,Number of indigenous P. vivax malaria cases,numeric,EUR,Europe,Country,AZE,Azerbaijan,Year,2012,FALSE,3,3,EN,2022-02-09T18:30:00.000Z
MALARIA_PV_INDIG,Number of indigenous P. vivax malaria cases,numeric,AMR,Americas,Country,BLZ,Belize,Year,2012,FALSE,33,33,EN,2022-02-09T18:30:00.000Z
MALARIA_PV_INDIG,Number of indigenous P. vivax malaria cases,numeric,WPR,Western Pacific,Country,MYS,Malaysia,Year,2012,FALSE,385,385,EN,2022-02-09T18:30:00.000Z
MALARIA_PV_INDIG,Number of indigenous P. vivax malaria cases,numeric,AMR,Americas,Country,VEN,Venezuela (Bolivarian Republic of),Year,2012,FALSE,39478,39 478,EN,2022-02-09T18:30:00.000Z
MALARIA_PV_INDIG,Number of indigenous P. vivax malaria cases,numeric,EMR,Eastern Mediterranean,Country,YEM,Yemen,Year,2012,FALSE,398,398,EN,2022-02-09T18:30:00.000Z
MALARIA_PV_INDIG,Number of indigenous P. vivax malaria cases,numeric,AMR,Americas,Country,COL,Colombia,Year,2012,FALSE,44283,44 283,EN,2022-02-09T18:30:00.000Z
MALARIA_PV_INDIG,Number of indigenous P. vivax malaria cases,numeric,AMR,Americas,Country,ECU,Ecuador,Year,2012,FALSE,466,466,EN,2022-02-09T18:30:00.000Z
MALARIA_PV_INDIG,Number of indigenous P. vivax malaria cases,numeric,AFR,Africa,Country,ZAF,South Africa,Year,2012,FALSE,5,5,EN,2022-02-09T18:30:00.000Z
MALARIA_PV_INDIG,Number of indigenous P. vivax malaria cases,numeric,AMR,Americas,Country,GTM,Guatemala,Year,2012,FALSE,5278,5278,EN,2022-02-09T18:30:00.000Z
MALARIA_PV_INDIG,Number of indigenous P. vivax malaria cases,numeric,EMR,Eastern Mediterranean,Country,AFG,Afghanistan,Year,2012,FALSE,53609,53 609,EN,2022-02-09T18:30:00.000Z
MALARIA_PV_INDIG,Number of indigenous P. vivax malaria cases,numeric,SEAR,South-East Asia,Country,IND,India,Year,2012,FALSE,534129,534 129,EN,2022-02-09T18:30:00.000Z
MALARIA_PV_INDIG,Number of indigenous P. vivax malaria cases,numeric,AMR,Americas,Country,HND,Honduras,Year,2012,FALSE,5856,5856,EN,2022-02-09T18:30:00.000Z
MALARIA_PV_INDIG,Number of indigenous P. vivax malaria cases,numeric,AFR,Africa,Country,COM,Comoros,Year,2012,FALSE,637,637,EN,2022-02-09T18:30:00.000Z
MALARIA_PV_INDIG,Number of indigenous P. vivax malaria cases,numeric,AMR,Americas,Country,BOL,Bolivia (Plurinational State of),Year,2012,FALSE,7067,7067,EN,2022-02-09T18:30:00.000Z
MALARIA_PV_INDIG,Number of indigenous P. vivax malaria cases,numeric,WPR,Western Pacific,Country,PNG,Papua New Guinea,Year,2012,FALSE,7108,7108,EN,2022-02-09T18:30:00.000Z
MALARIA_PV_INDIG,Number of indigenous P. vivax malaria cases,numeric,EMR,Eastern Mediterranean,Country,IRN,Iran (Islamic Republic of),Year,2012,FALSE,711,711,EN,2022-02-09T18:30:00.000Z
MALARIA_PV_INDIG,Number of indigenous P. vivax malaria cases,numeric,WPR,Western Pacific,Country,VNM,Viet Nam,Year,2012,FALSE,7220,7220,EN,2022-02-09T18:30:00.000Z
MALARIA_PV_INDIG,Number of indigenous P. vivax malaria cases,numeric,AFR,Africa,Country,ETH,Ethiopia,Year,2012,FALSE,745983,745 983,EN,2022-02-09T18:30:00.000Z
MALARIA_PV_INDIG,Number of indigenous P. vivax malaria cases,numeric,WPR,Western Pacific,Country,LAO,Lao People's Democratic Republic,Year,2012,FALSE,7594,7594,EN,2022-02-09T18:30:00.000Z
MALARIA_PV_INDIG,Number of indigenous P. vivax malaria cases,numeric,AMR,Americas,Country,MEX,Mexico,Year,2012,FALSE,833,833,EN,2022-02-09T18:30:00.000Z
MALARIA_PV_INDIG,Number of indigenous P. vivax malaria cases,numeric,AMR,Americas,Country,PAN,Panama,Year,2012,FALSE,843,843,EN,2022-02-09T18:30:00.000Z
MALARIA_PV_INDIG,Number of indigenous P. vivax malaria cases,numeric,SEAR,South-East Asia,Country,NPL,Nepal,Year,2012,FALSE,872,872,EN,2022-02-09T18:30:00.000Z
MALARIA_PV_INDIG,Number of indigenous P. vivax malaria cases,numeric,AFR,Africa,Country,ERI,Eritrea,Year,2012,FALSE,9204,9204,EN,2022-02-09T18:30:00.000Z
MALARIA_PV_INDIG,Number of indigenous P. vivax malaria cases,numeric,WPR,Western Pacific,Country,SLB,Solomon Islands,Year,2012,FALSE,9339,9339,EN,2022-02-09T18:30:00.000Z
MALARIA_PV_INDIG,Number of indigenous P. vivax malaria cases,numeric,AMR,Americas,Country,NIC,Nicaragua,Year,2012,FALSE,999,999,EN,2022-02-09T18:30:00.000Z
MALARIA_PV_INDIG,Number of indigenous P. vivax malaria cases,numeric,EUR,Europe,Country,ARM,Armenia,Year,2011,FALSE,0,0,EN,2022-02-09T18:30:00.000Z
MALARIA_PV_INDIG,Number of indigenous P. vivax malaria cases,numeric,EUR,Europe,Country,GEO,Georgia,Year,2011,FALSE,0,0,EN,2022-02-09T18:30:00.000Z
MALARIA_PV_INDIG,Number of indigenous P. vivax malaria cases,numeric,AMR,Americas,Country,HTI,Haiti,Year,2011,FALSE,0,0,EN,2022-02-09T18:30:00.000Z
MALARIA_PV_INDIG,Number of indigenous P. vivax malaria cases,numeric,EUR,Europe,Country,KGZ,Kyrgyzstan,Year,2011,FALSE,0,0,EN,2022-02-09T18:30:00.000Z
MALARIA_PV_INDIG,Number of indigenous P. vivax malaria cases,numeric,EUR,Europe,Country,TUR,Türkiye,Year,2011,FALSE,0,0,EN,2022-02-09T18:30:00.000Z
MALARIA_PV_INDIG,Number of indigenous P. vivax malaria cases,numeric,EUR,Europe,Country,TKM,Turkmenistan,Year,2011,FALSE,0,0,EN,2022-02-09T18:30:00.000Z
MALARIA_PV_INDIG,Number of indigenous P. vivax malaria cases,numeric,EUR,Europe,Country,UZB,Uzbekistan,Year,2011,FALSE,0,0,EN,2022-02-09T18:30:00.000Z
MALARIA_PV_INDIG,Number of indigenous P. vivax malaria cases,numeric,AFR,Africa,Country,ZWE,Zimbabwe,Year,2011,FALSE,0,0,EN,2022-02-09T18:30:00.000Z
MALARIA_PV_INDIG,Number of indigenous P. vivax malaria cases,numeric,AMR,Americas,Country,PRY,Paraguay,Year,2011,TRUE,1,1,EN,2022-02-09T18:30:00.000Z
MALARIA_PV_INDIG,Number of indigenous P. vivax malaria cases,numeric,AMR,Americas,Country,CRI,Costa Rica,Year,2011,FALSE,10,10,EN,2022-02-09T18:30:00.000Z
MALARIA_PV_INDIG,Number of indigenous P. vivax malaria cases,numeric,AMR,Americas,Country,MEX,Mexico,Year,2011,FALSE,1124,1124,EN,2022-02-09T18:30:00.000Z
MALARIA_PV_INDIG,Number of indigenous P. vivax malaria cases,numeric,SEAR,South-East Asia,Country,LKA,Sri Lanka,Year,2011,FALSE,119,119,EN,2022-02-09T18:30:00.000Z
MALARIA_PV_INDIG,Number of indigenous P. vivax malaria cases,numeric,SEAR,South-East Asia,Country,NPL,Nepal,Year,2011,FALSE,1208,1208,EN,2022-02-09T18:30:00.000Z
MALARIA_PV_INDIG,Number of indigenous P. vivax malaria cases,numeric,WPR,Western Pacific,Country,VUT,Vanuatu,Year,2011,FALSE,1224,1224,EN,2022-02-09T18:30:00.000Z
MALARIA_PV_INDIG,Number of indigenous P. vivax malaria cases,numeric,AFR,Africa,Country,ZAF,South Africa,Year,2011,FALSE,14,14,EN,2022-02-09T18:30:00.000Z
MALARIA_PV_INDIG,Number of indigenous P. vivax malaria cases,numeric,EMR,Eastern Mediterranean,Country,IRN,Iran (Islamic Republic of),Year,2011,FALSE,1502,1502,EN,2022-02-09T18:30:00.000Z
MALARIA_PV_INDIG,Number of indigenous P. vivax malaria cases,numeric,SEAR,South-East Asia,Country,PRK,Democratic People's Republic of Korea,Year,2011,FALSE,16760,16 760,EN,2022-02-09T18:30:00.000Z
MALARIA_PV_INDIG,Number of indigenous P. vivax malaria cases,numeric,SEAR,South-East Asia,Country,IDN,Indonesia,Year,2011,FALSE,187989,187 989,EN,2022-02-09T18:30:00.000Z
MALARIA_PV_INDIG,Number of indigenous P. vivax malaria cases,numeric,AMR,Americas,Country,DOM,Dominican Republic,Year,2011,FALSE,2,2,EN,2022-02-09T18:30:00.000Z
MALARIA_PV_INDIG,Number of indigenous P. vivax malaria cases,numeric,EMR,Eastern Mediterranean,Country,PAK,Pakistan,Year,2011,FALSE,205879,205 879,EN,2022-02-09T18:30:00.000Z
MALARIA_PV_INDIG,Number of indigenous P. vivax malaria cases,numeric,AMR,Americas,Country,PER,Peru,Year,2011,FALSE,21984,21 984,EN,2022-02-09T18:30:00.000Z
MALARIA_PV_INDIG,Number of indigenous P. vivax malaria cases,numeric,AMR,Americas,Country,BRA,Brazil,Year,2011,FALSE,231368,231 368,EN,2022-02-09T18:30:00.000Z
MALARIA_PV_INDIG,Number of indigenous P. vivax malaria cases,numeric,WPR,Western Pacific,Country,PHL,Philippines,Year,2011,FALSE,2380,2380,EN,2022-02-09T18:30:00.000Z
MALARIA_PV_INDIG,Number of indigenous P. vivax malaria cases,numeric,SEAR,South-East Asia,Country,BGD,Bangladesh,Year,2011,FALSE,2579,2579,EN,2022-02-09T18:30:00.000Z
MALARIA_PV_INDIG,Number of indigenous P. vivax malaria cases,numeric,SEAR,South-East Asia,Country,MMR,Myanmar,Year,2011,FALSE,28966,28 966,EN,2022-02-09T18:30:00.000Z
MALARIA_PV_INDIG,Number of indigenous P. vivax malaria cases,numeric,AFR,Africa,Country,COM,Comoros,Year,2011,FALSE,334,334,EN,2022-02-09T18:30:00.000Z
MALARIA_PV_INDIG,Number of indigenous P. vivax malaria cases,numeric,AMR,Americas,Country,VEN,Venezuela (Bolivarian Republic of),Year,2011,FALSE,34651,34 651,EN,2022-02-09T18:30:00.000Z
MALARIA_PV_INDIG,Number of indigenous P. vivax malaria cases,numeric,AMR,Americas,Country,PAN,Panama,Year,2011,FALSE,353,353,EN,2022-02-09T18:30:00.000Z
MALARIA_PV_INDIG,Number of indigenous P. vivax malaria cases,numeric,SEAR,South-East Asia,Country,TLS,Timor-Leste,Year,2011,FALSE,3758,3758,EN,2022-02-09T18:30:00.000Z
MALARIA_PV_INDIG,Number of indigenous P. vivax malaria cases,numeric,AMR,Americas,Country,SUR,Suriname,Year,2011,FALSE,382,382,EN,2022-02-09T18:30:00.000Z
MALARIA_PV_INDIG,Number of indigenous P. vivax malaria cases,numeric,EUR,Europe,Country,AZE,Azerbaijan,Year,2011,FALSE,4,4,EN,2022-02-09T18:30:00.000Z
MALARIA_PV_INDIG,Number of indigenous P. vivax malaria cases,numeric,AFR,Africa,Country,STP,Sao Tome and Principe,Year,2011,FALSE,4,4,EN,2022-02-09T18:30:00.000Z
MALARIA_PV_INDIG,Number of indigenous P. vivax malaria cases,numeric,AMR,Americas,Country,COL,Colombia,Year,2011,FALSE,44701,44 701,EN,2022-02-09T18:30:00.000Z
MALARIA_PV_INDIG,Number of indigenous P. vivax malaria cases,numeric,EMR,Eastern Mediterranean,Country,YEM,Yemen,Year,2011,FALSE,478,478,EN,2022-02-09T18:30:00.000Z
MALARIA_PV_INDIG,Number of indigenous P. vivax malaria cases,numeric,AFR,Africa,Country,ERI,Eritrea,Year,2011,FALSE,4932,4932,EN,2022-02-09T18:30:00.000Z
MALARIA_PV_INDIG,Number of indigenous P. vivax malaria cases,numeric,WPR,Western Pacific,Country,KHM,Cambodia,Year,2011,FALSE,5155,5155,EN,2022-02-09T18:30:00.000Z
MALARIA_PV_INDIG,Number of indigenous P. vivax malaria cases,numeric,WPR,Western Pacific,Country,VNM,Viet Nam,Year,2011,FALSE,5602,5602,EN,2022-02-09T18:30:00.000Z
MALARIA_PV_INDIG,Number of indigenous P. vivax malaria cases,numeric,SEAR,South-East Asia,Country,IND,India,Year,2011,FALSE,645652,645 652,EN,2022-02-09T18:30:00.000Z
MALARIA_PV_INDIG,Number of indigenous P. vivax malaria cases,numeric,AFR,Africa,Country,ETH,Ethiopia,Year,2011,FALSE,665813,665 813,EN,2022-02-09T18:30:00.000Z
MALARIA_PV_INDIG,Number of indigenous P. vivax malaria cases,numeric,AMR,Americas,Country,GTM,Guatemala,Year,2011,FALSE,6707,6707,EN,2022-02-09T18:30:00.000Z
MALARIA_PV_INDIG,Number of indigenous P. vivax malaria cases,numeric,AMR,Americas,Country,BOL,Bolivia (Plurinational State of),Year,2011,FALSE,6756,6756,EN,2022-02-09T18:30:00.000Z
MALARIA_PV_INDIG,Number of indigenous P. vivax malaria cases,numeric,WPR,Western Pacific,Country,CHN,China,Year,2011,FALSE,677,677,EN,2022-02-09T18:30:00.000Z
MALARIA_PV_INDIG,Number of indigenous P. vivax malaria cases,numeric,AMR,Americas,Country,SLV,El Salvador,Year,2011,FALSE,7,7,EN,2022-02-09T18:30:00.000Z
MALARIA_PV_INDIG,Number of indigenous P. vivax malaria cases,numeric,AMR,Americas,Country,HND,Honduras,Year,2011,FALSE,7013,7013,EN,2022-02-09T18:30:00.000Z
MALARIA_PV_INDIG,Number of indigenous P. vivax malaria cases,numeric,EMR,Eastern Mediterranean,Country,AFG,Afghanistan,Year,2011,FALSE,71968,71 968,EN,2022-02-09T18:30:00.000Z
MALARIA_PV_INDIG,Number of indigenous P. vivax malaria cases,numeric,AMR,Americas,Country,BLZ,Belize,Year,2011,FALSE,72,72,EN,2022-02-09T18:30:00.000Z
MALARIA_PV_INDIG,Number of indigenous P. vivax malaria cases,numeric,EUR,Europe,Country,TJK,Tajikistan,Year,2011,FALSE,73,73,EN,2022-02-09T18:30:00.000Z
MALARIA_PV_INDIG,Number of indigenous P. vivax malaria cases,numeric,AMR,Americas,Country,NIC,Nicaragua,Year,2011,FALSE,775,775,EN,2022-02-09T18:30:00.000Z
MALARIA_PV_INDIG,Number of indigenous P. vivax malaria cases,numeric,SEAR,South-East Asia,Country,THA,Thailand,Year,2011,FALSE,8608,8608,EN,2022-02-09T18:30:00.000Z
MALARIA_PV_INDIG,Number of indigenous P. vivax malaria cases,numeric,WPR,Western Pacific,Country,SLB,Solomon Islands,Year,2011,FALSE,8665,8665,EN,2022-02-09T18:30:00.000Z
MALARIA_PV_INDIG,Number of indigenous P. vivax malaria cases,numeric,AMR,Americas,Country,GUY,Guyana,Year,2011,FALSE,9066,9066,EN,2022-02-09T18:30:00.000Z
MALARIA_PV_INDIG,Number of indigenous P. vivax malaria cases,numeric,WPR,Western Pacific,Country,MYS,Malaysia,Year,2011,FALSE,915,915,EN,2022-02-09T18:30:00.000Z
MALARIA_PV_INDIG,Number of indigenous P. vivax malaria cases,numeric,SEAR,South-East Asia,Country,BTN,Bhutan,Year,2011,FALSE,92,92,EN,2022-02-09T18:30:00.000Z
MALARIA_PV_INDIG,Number of indigenous P. vivax malaria cases,numeric,AMR,Americas,Country,ECU,Ecuador,Year,2011,FALSE,928,928,EN,2022-02-09T18:30:00.000Z
MALARIA_PV_INDIG,Number of indigenous P. vivax malaria cases,numeric,WPR,Western Pacific,Country,LAO,Lao People's Democratic Republic,Year,2011,FALSE,962,962,EN,2022-02-09T18:30:00.000Z
MALARIA_PV_INDIG,Number of indigenous P. vivax malaria cases,numeric,WPR,Western Pacific,Country,PNG,Papua New Guinea,Year,2011,FALSE,9654,9654,EN,2022-02-09T18:30:00.000Z
MALARIA_PV_INDIG,Number of indigenous P. vivax malaria cases,numeric,EUR,Europe,Country,ARM,Armenia,Year,2010,FALSE,0,0,EN,2022-02-09T18:30:00.000Z
MALARIA_PV_INDIG,Number of indigenous P. vivax malaria cases,numeric,EUR,Europe,Country,GEO,Georgia,Year,2010,FALSE,0,0,EN,2022-02-09T18:30:00.000Z
MALARIA_PV_INDIG,Number of indigenous P. vivax malaria cases,numeric,AMR,Americas,Country,HTI,Haiti,Year,2010,FALSE,0,0,EN,2022-02-09T18:30:00.000Z
MALARIA_PV_INDIG,Number of indigenous P. vivax malaria cases,numeric,AFR,Africa,Country,ZAF,South Africa,Year,2010,FALSE,0,0,EN,2022-02-09T18:30:00.000Z
MALARIA_PV_INDIG,Number of indigenous P. vivax malaria cases,numeric,EUR,Europe,Country,TUR,Türkiye,Year,2010,FALSE,0,0,EN,2022-02-09T18:30:00.000Z
MALARIA_PV_INDIG,Number of indigenous P. vivax malaria cases,numeric,EUR,Europe,Country,TKM,Turkmenistan,Year,2010,FALSE,0,0,EN,2022-02-09T18:30:00.000Z
MALARIA_PV_INDIG,Number of indigenous P. vivax malaria cases,numeric,AFR,Africa,Country,ZWE,Zimbabwe,Year,2010,FALSE,0,0,EN,2022-02-09T18:30:00.000Z
MALARIA_PV_INDIG,Number of indigenous P. vivax malaria cases,numeric,SEAR,South-East Asia,Country,TLS,Timor-Leste,Year,2010,FALSE,11432,11 432,EN,2022-02-09T18:30:00.000Z
MALARIA_PV_INDIG,Number of indigenous P. vivax malaria cases,numeric,AMR,Americas,Country,CRI,Costa Rica,Year,2010,FALSE,110,110,EN,2022-02-09T18:30:00.000Z
MALARIA_PV_INDIG,Number of indigenous P. vivax malaria cases,numeric,EUR,Europe,Country,TJK,Tajikistan,Year,2010,FALSE,111,111,EN,2022-02-09T18:30:00.000Z
MALARIA_PV_INDIG,Number of indigenous P. vivax malaria cases,numeric,WPR,Western Pacific,Country,SLB,Solomon Islands,Year,2010,FALSE,12281,12 281,EN,2022-02-09T18:30:00.000Z
MALARIA_PV_INDIG,Number of indigenous P. vivax malaria cases,numeric,AMR,Americas,Country,BOL,Bolivia (Plurinational State of),Year,2010,FALSE,12569,12 569,EN,2022-02-09T18:30:00.000Z
MALARIA_PV_INDIG,Number of indigenous P. vivax malaria cases,numeric,AMR,Americas,Country,MEX,Mexico,Year,2010,FALSE,1226,1226,EN,2022-02-09T18:30:00.000Z
MALARIA_PV_INDIG,Number of indigenous P. vivax malaria cases,numeric,WPR,Western Pacific,Country,PNG,Papua New Guinea,Year,2010,FALSE,13171,13 171,EN,2022-02-09T18:30:00.000Z
MALARIA_PV_INDIG,Number of indigenous P. vivax malaria cases,numeric,SEAR,South-East Asia,Country,THA,Thailand,Year,2010,FALSE,13401,13 401,EN,2022-02-09T18:30:00.000Z
MALARIA_PV_INDIG,Number of indigenous P. vivax malaria cases,numeric,SEAR,South-East Asia,Country,PRK,Democratic People's Republic of Korea,Year,2010,FALSE,13520,13 520,EN,2022-02-09T18:30:00.000Z
MALARIA_PV_INDIG,Number of indigenous P. vivax malaria cases,numeric,AMR,Americas,Country,ARG,Argentina,Year,2010,TRUE,14,14,EN,2022-02-09T18:30:00.000Z
MALARIA_PV_INDIG,Number of indigenous P. vivax malaria cases,numeric,AFR,Africa,Country,STP,Sao Tome and Principe,Year,2010,FALSE,14,14,EN,2022-02-09T18:30:00.000Z
MALARIA_PV_INDIG,Number of indigenous P. vivax malaria cases,numeric,EMR,Eastern Mediterranean,Country,PAK,Pakistan,Year,2010,FALSE,143136,143 136,EN,2022-02-09T18:30:00.000Z
MALARIA_PV_INDIG,Number of indigenous P. vivax malaria cases,numeric,AMR,Americas,Country,BLZ,Belize,Year,2010,FALSE,149,149,EN,2022-02-09T18:30:00.000Z
MALARIA_PV_INDIG,Number of indigenous P. vivax malaria cases,numeric,AFR,Africa,Country,UGA,Uganda,Year,2010,TRUE,15812,15 812,EN,2022-02-09T18:30:00.000Z
MALARIA_PV_INDIG,Number of indigenous P. vivax malaria cases,numeric,AMR,Americas,Country,ECU,Ecuador,Year,2010,FALSE,1630,1630,EN,2022-02-09T18:30:00.000Z
MALARIA_PV_INDIG,Number of indigenous P. vivax malaria cases,numeric,EMR,Eastern Mediterranean,Country,IRN,Iran (Islamic Republic of),Year,2010,FALSE,1656,1656,EN,2022-02-09T18:30:00.000Z
MALARIA_PV_INDIG,Number of indigenous P. vivax malaria cases,numeric,AMR,Americas,Country,SLV,El Salvador,Year,2010,FALSE,17,17,EN,2022-02-09T18:30:00.000Z
MALARIA_PV_INDIG,Number of indigenous P. vivax malaria cases,numeric,WPR,Western Pacific,Country,MYS,Malaysia,Year,2010,FALSE,1750,1750,EN,2022-02-09T18:30:00.000Z
MALARIA_PV_INDIG,Number of indigenous P. vivax malaria cases,numeric,SEAR,South-East Asia,Country,IDN,Indonesia,Year,2010,FALSE,187583,187 583,EN,2022-02-09T18:30:00.000Z
MALARIA_PV_INDIG,Number of indigenous P. vivax malaria cases,numeric,AMR,Americas,Country,DOM,Dominican Republic,Year,2010,FALSE,2,2,EN,2022-02-09T18:30:00.000Z
MALARIA_PV_INDIG,Number of indigenous P. vivax malaria cases,numeric,AMR,Americas,Country,PRY,Paraguay,Year,2010,FALSE,20,20,EN,2022-02-09T18:30:00.000Z
MALARIA_PV_INDIG,Number of indigenous P. vivax malaria cases,numeric,WPR,Western Pacific,Country,VUT,Vanuatu,Year,2010,FALSE,2265,2265,EN,2022-02-09T18:30:00.000Z
MALARIA_PV_INDIG,Number of indigenous P. vivax malaria cases,numeric,SEAR,South-East Asia,Country,NPL,Nepal,Year,2010,FALSE,2349,2349,EN,2022-02-09T18:30:00.000Z
MALARIA_PV_INDIG,Number of indigenous P. vivax malaria cases,numeric,SEAR,South-East Asia,Country,BTN,Bhutan,Year,2010,FALSE,261,261,EN,2022-02-09T18:30:00.000Z
MALARIA_PV_INDIG,Number of indigenous P. vivax malaria cases,numeric,AMR,Americas,Country,BRA,Brazil,Year,2010,FALSE,283435,283 435,EN,2022-02-09T18:30:00.000Z
MALARIA_PV_INDIG,Number of indigenous P. vivax malaria cases,numeric,WPR,Western Pacific,Country,PHL,Philippines,Year,2010,FALSE,2885,2885,EN,2022-02-09T18:30:00.000Z
MALARIA_PV_INDIG,Number of indigenous P. vivax malaria cases,numeric,AMR,Americas,Country,PER,Peru,Year,2010,FALSE,29168,29 168,EN,2022-02-09T18:30:00.000Z
MALARIA_PV_INDIG,Number of indigenous P. vivax malaria cases,numeric,SEAR,South-East Asia,Country,MMR,Myanmar,Year,2010,FALSE,29944,29 944,EN,2022-02-09T18:30:00.000Z
MALARIA_PV_INDIG,Number of indigenous P. vivax malaria cases,numeric,EUR,Europe,Country,KGZ,Kyrgyzstan,Year,2010,FALSE,3,3,EN,2022-02-09T18:30:00.000Z
MALARIA_PV_INDIG,Number of indigenous P. vivax malaria cases,numeric,EUR,Europe,Country,UZB,Uzbekistan,Year,2010,FALSE,3,3,EN,2022-02-09T18:30:00.000Z
MALARIA_PV_INDIG,Number of indigenous P. vivax malaria cases,numeric,AMR,Americas,Country,VEN,Venezuela (Bolivarian Republic of),Year,2010,FALSE,32710,32 710,EN,2022-02-09T18:30:00.000Z
MALARIA_PV_INDIG,Number of indigenous P. vivax malaria cases,numeric,WPR,Western Pacific,Country,CHN,China,Year,2010,FALSE,3675,3675,EN,2022-02-09T18:30:00.000Z
MALARIA_PV_INDIG,Number of indigenous P. vivax malaria cases,numeric,SEAR,South-East Asia,Country,BGD,Bangladesh,Year,2010,FALSE,3824,3824,EN,2022-02-09T18:30:00.000Z
MALARIA_PV_INDIG,Number of indigenous P. vivax malaria cases,numeric,AFR,Africa,Country,ETH,Ethiopia,Year,2010,FALSE,390252,390 252,EN,2022-02-09T18:30:00.000Z
MALARIA_PV_INDIG,Number of indigenous P. vivax malaria cases,numeric,AMR,Americas,Country,PAN,Panama,Year,2010,FALSE,398,398,EN,2022-02-09T18:30:00.000Z
MALARIA_PV_INDIG,Number of indigenous P. vivax malaria cases,numeric,AFR,Africa,Country,ERI,Eritrea,Year,2010,FALSE,3989,3989,EN,2022-02-09T18:30:00.000Z
MALARIA_PV_INDIG,Number of indigenous P. vivax malaria cases,numeric,WPR,Western Pacific,Country,LAO,Lao People's Democratic Republic,Year,2010,FALSE,427,427,EN,2022-02-09T18:30:00.000Z
MALARIA_PV_INDIG,Number of indigenous P. vivax malaria cases,numeric,WPR,Western Pacific,Country,VNM,Viet Nam,Year,2010,FALSE,4466,4466,EN,2022-02-09T18:30:00.000Z
MALARIA_PV_INDIG,Number of indigenous P. vivax malaria cases,numeric,WPR,Western Pacific,Country,KHM,Cambodia,Year,2010,FALSE,4794,4794,EN,2022-02-09T18:30:00.000Z
MALARIA_PV_INDIG,Number of indigenous P. vivax malaria cases,numeric,EUR,Europe,Country,AZE,Azerbaijan,Year,2010,FALSE,50,50,EN,2022-02-09T18:30:00.000Z
MALARIA_PV_INDIG,Number of indigenous P. vivax malaria cases,numeric,AFR,Africa,Country,COM,Comoros,Year,2010,FALSE,528,528,EN,2022-02-09T18:30:00.000Z
MALARIA_PV_INDIG,Number of indigenous P. vivax malaria cases,numeric,AMR,Americas,Country,NIC,Nicaragua,Year,2010,FALSE,538,538,EN,2022-02-09T18:30:00.000Z
MALARIA_PV_INDIG,Number of indigenous P. vivax malaria cases,numeric,EMR,Eastern Mediterranean,Country,AFG,Afghanistan,Year,2010,FALSE,63255,63 255,EN,2022-02-09T18:30:00.000Z
MALARIA_PV_INDIG,Number of indigenous P. vivax malaria cases,numeric,SEAR,South-East Asia,Country,LKA,Sri Lanka,Year,2010,FALSE,669,669,EN,2022-02-09T18:30:00.000Z
MALARIA_PV_INDIG,Number of indigenous P. vivax malaria cases,numeric,AMR,Americas,Country,GTM,Guatemala,Year,2010,FALSE,7163,7163,EN,2022-02-09T18:30:00.000Z
MALARIA_PV_INDIG,Number of indigenous P. vivax malaria cases,numeric,AFR,Africa,Country,GAB,Gabon,Year,2010,TRUE,720,720,EN,2022-02-09T18:30:00.000Z
MALARIA_PV_INDIG,Number of indigenous P. vivax malaria cases,numeric,SEAR,South-East Asia,Country,IND,India,Year,2010,FALSE,765622,765 622,EN,2022-02-09T18:30:00.000Z
MALARIA_PV_INDIG,Number of indigenous P. vivax malaria cases,numeric,AMR,Americas,Country,SUR,Suriname,Year,2010,FALSE,817,817,EN,2022-02-09T18:30:00.000Z
MALARIA_PV_INDIG,Number of indigenous P. vivax malaria cases,numeric,AMR,Americas,Country,COL,Colombia,Year,2010,FALSE,83255,83 255,EN,2022-02-09T18:30:00.000Z
MALARIA_PV_INDIG,Number of indigenous P. vivax malaria cases,numeric,AMR,Americas,Country,GUY,Guyana,Year,2010,FALSE,8402,8402,EN,2022-02-09T18:30:00.000Z
MALARIA_PV_INDIG,Number of indigenous P. vivax malaria cases,numeric,AMR,Americas,Country,HND,Honduras,Year,2010,FALSE,8759,8759,EN,2022-02-09T18:30:00.000Z
MALARIA_PV_INDIG,Number of indigenous P. vivax malaria cases,numeric,EMR,Eastern Mediterranean,Country,YEM,Yemen,Year,2010,FALSE,966,966,EN,2022-02-09T18:30:00.000Z
